==========================================
FULCCA - CCA Algorithm for Fulsang Dataset
==========================================
Job ID: 20996090
Node: skl-a-59
CPUs: 8
Memory: 65536 MB
GPU: 0
Start time: Sat Dec 27 04:13:29 PM EST 2025
==========================================
Loading modules...
ERROR: Unable to locate a modulefile for 'python/3.8'
ERROR: Unable to locate a modulefile for 'cuda/11.2'
ERROR: Unable to locate a modulefile for 'gcc/9.3.0'
Python version: Python 3.9.23
TensorFlow version: 2.20.0
NumPy version: 2.0.2
==========================================
Checking for Existing Fulsang Preprocessing
==========================================
⚠ Fulsang preprocessing not found!
  Expected directory: fulsang_preprocessed/tfrecords

  Running preprocessing automatically...

  Found DATA_preproc directory: Data/Fulsang/DATA_preproc
  Running FULSANGPREPROCESSING.py...
Initialized FulsangPreprocessor
  Data directory: Data/Fulsang/DATA_preproc
  Output directory: fulsang_preprocessed
================================================================================
FULSANG PREPROCESSING - Processing DATA_preproc directory
================================================================================
Found 18 MATLAB files
WARNING: No attention labels found in S10_data_preproc.mat, creating alternating labels
WARNING: No attention labels found in S11_data_preproc.mat, creating alternating labels
WARNING: No attention labels found in S12_data_preproc.mat, creating alternating labels
WARNING: No attention labels found in S13_data_preproc.mat, creating alternating labels
WARNING: No attention labels found in S14_data_preproc.mat, creating alternating labels
WARNING: No attention labels found in S15_data_preproc.mat, creating alternating labels
WARNING: No attention labels found in S16_data_preproc.mat, creating alternating labels
WARNING: No attention labels found in S17_data_preproc.mat, creating alternating labels
WARNING: No attention labels found in S18_data_preproc.mat, creating alternating labels
WARNING: No attention labels found in S1_data_preproc.mat, creating alternating labels
WARNING: No attention labels found in S2_data_preproc.mat, creating alternating labels
WARNING: No attention labels found in S3_data_preproc.mat, creating alternating labels
WARNING: No attention labels found in S4_data_preproc.mat, creating alternating labels
WARNING: No attention labels found in S5_data_preproc.mat, creating alternating labels
WARNING: No attention labels found in S6_data_preproc.mat, creating alternating labels
WARNING: No attention labels found in S7_data_preproc.mat, creating alternating labels
WARNING: No attention labels found in S8_data_preproc.mat, creating alternating labels
WARNING: No attention labels found in S9_data_preproc.mat, creating alternating labels

Creating TFRecord files...
✓ Created fulsang_subject_S10_000.tfrecords with 3200 samples
✓ Created fulsang_subject_S11_001.tfrecords with 3200 samples
✓ Created fulsang_subject_S12_002.tfrecords with 3200 samples
✓ Created fulsang_subject_S13_003.tfrecords with 3200 samples
✓ Created fulsang_subject_S14_004.tfrecords with 3200 samples
✓ Created fulsang_subject_S15_005.tfrecords with 3200 samples
✓ Created fulsang_subject_S16_006.tfrecords with 3200 samples
✓ Created fulsang_subject_S17_007.tfrecords with 3200 samples
✓ Created fulsang_subject_S18_008.tfrecords with 3200 samples
✓ Created fulsang_subject_S1_009.tfrecords with 3200 samples
✓ Created fulsang_subject_S2_010.tfrecords with 3200 samples
✓ Created fulsang_subject_S3_011.tfrecords with 3200 samples
✓ Created fulsang_subject_S4_012.tfrecords with 3200 samples
✓ Created fulsang_subject_S5_013.tfrecords with 3200 samples
✓ Created fulsang_subject_S6_014.tfrecords with 3200 samples
✓ Created fulsang_subject_S7_015.tfrecords with 3200 samples
✓ Created fulsang_subject_S8_016.tfrecords with 3200 samples
✓ Created fulsang_subject_S9_017.tfrecords with 3200 samples

Generating reports...
✓ Reports saved to fulsang_preprocessed/reports

================================================================================
PREPROCESSING COMPLETE!
================================================================================
Total files processed: 18
Successful: 18
Failed: 0
Total samples: 57600
TFRecord files: 18
Output directory: fulsang_preprocessed/tfrecords
================================================================================

✓ Preprocessing completed successfully!
  ✓ Preprocessing completed successfully!
  Created 18 TFRecord file(s)
==========================================
Running FULCCA Analysis
==========================================
Running Optimal Fulsang CCA Configuration...
Found 1 GPU device(s)
✓ GPU memory growth configured
✓ GPU memory limits not supported in this TensorFlow version
Using GPU for computation (GPU-only mode with CPU fallback)
✓ Random seeds set for reproducibility
================================================================================
FULCCA - CANONICAL CORRELATION ANALYSIS FOR FULSANG DATASET
================================================================================
Features:
- CCA implementation based on telluride_decoding
- Accuracy, MSED, ROC-AUC metrics
- Temporal performance analysis (0.5s to 30s)
- Fulsang preprocessing integration for data quality
- Data leakage prevention
- Validated attention labels
- EEG + Audio envelope correlation (improved CCA performance)
- Optimal hyperparameters: cca_dims=12, regularization=0.08, window_size=1280 (20s)
================================================================================
✓ Using Fulsang preprocessing validated data
✓ Data leakage prevention enabled
✓ Attention labels validated
✓ CCA implementation from telluride_decoding
⚠ Audio loading DISABLED - using dummy audio (faster but may affect accuracy)
⚠ Limiting to 100 TFRecord files (for faster testing)

Creating Fulsang data loaders...
Creating Fulsang dataset with subject-wise splitting...
TFRecord directory: fulsang_preprocessed/tfrecords
Batch size: 6
Window size: 1280 samples (20.0 seconds at 64Hz)
Overlap: 0.5
Using Fulsang preprocessing: Yes
⚠ WARNING: Audio base directory not found, using default: Data/Das/4004271/Stimuli
Loading Fulsang preprocessing validated data from 18 files...
✓ Using validated attention labels with quality control
✓ Using subject-wise organized data (no data leakage)
⚠ Audio loading DISABLED - using dummy audio envelopes (faster loading)
✓ Found TFRecord files in: ['tfrecords', 'tfrecords', 'tfrecords']...
✓ Loaded 3200 samples from subject S5
✓ Loaded 3200 samples from subject S6
✓ Loaded 3200 samples from subject S12
✓ Loaded 3200 samples from subject S16
✓ Loaded 3200 samples from subject S11
✓ Loaded 3200 samples from subject S2
✓ Loaded 3200 samples from subject S4
✓ Loaded 3200 samples from subject S18
✓ Loaded 3200 samples from subject S3
✓ Loaded 3200 samples from subject S9
✓ Loaded 3200 samples from subject S1
✓ Loaded 3200 samples from subject S17
✓ Loaded 3200 samples from subject S10
✓ Loaded 3200 samples from subject S13
✓ Loaded 3200 samples from subject S15
✓ Loaded 3200 samples from subject S7
✓ Loaded 3200 samples from subject S14
✓ Loaded 3200 samples from subject S8

============================================================
Loading Summary:
  Successfully loaded files: 18
  Failed files: 0
  Total records loaded: 57600
  Skipped records: 0
  Shape validation errors: 0
============================================================

Subject-wise statistics:
  S5: 3200 samples, labels [1600 1600]
  S6: 3200 samples, labels [1600 1600]
  S12: 3200 samples, labels [1600 1600]
  S16: 3200 samples, labels [1600 1600]
  S11: 3200 samples, labels [1600 1600]
  S2: 3200 samples, labels [1600 1600]
  S4: 3200 samples, labels [1600 1600]
  S18: 3200 samples, labels [1600 1600]
  S3: 3200 samples, labels [1600 1600]
  S9: 3200 samples, labels [1600 1600]
  S1: 3200 samples, labels [1600 1600]
  S17: 3200 samples, labels [1600 1600]
  S10: 3200 samples, labels [1600 1600]
  S13: 3200 samples, labels [1600 1600]
  S15: 3200 samples, labels [1600 1600]
  S7: 3200 samples, labels [1600 1600]
  S14: 3200 samples, labels [1600 1600]
  S8: 3200 samples, labels [1600 1600]

Final data shapes:
  EEG data: (57600, 66) (samples, channels)
  Audio envelopes: (57600, 4) (samples, features)
  Labels: (57600,) (samples,)
  Expected EEG shape: (n_samples, 64)
  Valid audio envelopes: 0/57600 (0.0%)
  ⚠ WARNING: All audio envelopes are zero! Audio files may not be loading correctly.
    Check audio file paths in TFRecords and audio_base_dir setting.
Creating 89 Fulsang windows:
  Window size: 1280 samples (20.0 seconds)
  Step size: 640 samples (10.0 seconds)
  Overlap: 50.0%
  Sampling rate: 64 Hz
✓ Window size appropriate for EEG attention decoding
Created 89 Fulsang windows
Window label distribution: [89]
Loaded 89 Fulsang windows for full mode
Fulsang EEG shape: (57600, 66)
Fulsang Audio envelopes shape: (57600, 4)
Fulsang Label distribution: [28800 28800]
Using Fulsang preprocessing: Yes
Cache size: 1000 windows
Total dataset size: 89 samples
Subject ranges in metadata:
  S5: samples 0-3199 (3200 samples)
  S6: samples 3200-6399 (3200 samples)
  S12: samples 6400-9599 (3200 samples)
  S16: samples 9600-12799 (3200 samples)
  S11: samples 12800-15999 (3200 samples)
  S2: samples 16000-19199 (3200 samples)
  S4: samples 19200-22399 (3200 samples)
  S18: samples 22400-25599 (3200 samples)
  S3: samples 25600-28799 (3200 samples)
  S9: samples 28800-31999 (3200 samples)
  S1: samples 32000-35199 (3200 samples)
  S17: samples 35200-38399 (3200 samples)
  S10: samples 38400-41599 (3200 samples)
  S13: samples 41600-44799 (3200 samples)
  S15: samples 44800-47999 (3200 samples)
  S7: samples 48000-51199 (3200 samples)
  S14: samples 51200-54399 (3200 samples)
  S8: samples 54400-57599 (3200 samples)
Found 18 subjects:
  S5: 5 windows
  S6: 5 windows
  S12: 5 windows
  S16: 5 windows
  S11: 5 windows
  S2: 5 windows
  S4: 5 windows
  S18: 5 windows
  S3: 5 windows
  S9: 5 windows
  S1: 5 windows
  S17: 5 windows
  S10: 5 windows
  S13: 5 windows
  S15: 5 windows
  S7: 5 windows
  S14: 5 windows
  S8: 4 windows

Subject-wise split:
  Train subjects: 10 (['S5', 'S6', 'S3', 'S2', 'S16', 'S13', 'S14', 'S7', 'S17', 'S12'])
  Val subjects: 4 (['S9', 'S8', 'S11', 'S10'])
  Test subjects: 4 (['S18', 'S1', 'S15', 'S4'])

Window-based split:
  Train windows: 50
  Val windows: 19
  Test windows: 20
✓ No data leakage detected - subjects properly separated
Creating CCA dataset with 50 indices...
Creating CCA dataset with 19 indices...
Creating CCA dataset with 20 indices...

Dataset creation debug:
  Train indices: 50
  Val indices: 19
  Test indices: 20
✓ Data loaders created with subject-wise splitting
✓ Data leakage prevention implemented
✓ Attention labels validated
✓ Subject-wise organization applied

Creating FULCCA model...
FULCCA model initialized:
  CCA dimensions: 12 (optimal: 12 for Fulsang)
  Regularization: 0.08 (optimal: 0.08 for Fulsang)
  Input dimensions: EEG=66, Audio=4
FULCCA trainer initialized. Output directory: fulcca_results/optimal_fulcca

Starting FULCCA training...
Starting FULCCA training...
Generator produced 50 valid samples
Generator produced 19 valid samples
Train dataset size: 9 batches
Val dataset size: 4 batches
Fitting FULCCA model...
Creating CCA model with GPU-first approach...
GPU model creation failed: {{function_node __wrapped__FloorMod_device_/job:localhost/replica:0/task:0/device:GPU:0}} 'cuLaunchKernel(function, gridX, gridY, gridZ, blockX, blockY, blockZ, 0, reinterpret_cast<CUstream>(stream), params, nullptr)' failed with 'CUDA_ERROR_INVALID_HANDLE' [Op:FloorMod] name: 
Trying CPU model creation as fallback...
✓ CCA model created successfully on CPU
Compiling CCA model...
Training CCA model...
Generator produced 50 valid samples
Training failed: rot1 must be shape (D1, output_dims)

⚠ CCA Dimension Mismatch Error Detected!
  Requested CCA dimensions: 12
  Input dimensions: EEG=66, Audio=4
  Maximum possible CCA dimensions: min(64, 4) = 4

  The CCA computation is returning rotation matrices with wrong dimensions.
  This can happen if:
    1. The dataset format is incorrect
    2. The CCA computation encounters numerical issues
    3. The requested dimensions exceed what's possible

  Attempting to fix by reducing CCA dimensions: 12 -> 2
Creating CCA model with GPU-first approach...
GPU model creation failed: {{function_node __wrapped__FloorMod_device_/job:localhost/replica:0/task:0/device:GPU:0}} 'cuLaunchKernel(function, gridX, gridY, gridZ, blockX, blockY, blockZ, 0, reinterpret_cast<CUstream>(stream), params, nullptr)' failed with 'CUDA_ERROR_INVALID_HANDLE' [Op:FloorMod] name: 
Trying CPU model creation as fallback...
✓ CCA model created successfully on CPU
Generator produced 50 valid samples
✓ FULCCA model fitted successfully with reduced dimensions (2)
✓ FULCCA model training completed
Making FULCCA predictions...
Generator produced 19 valid samples

================================================================================
PREDICTION DIAGNOSTICS (Left vs Right Audio Comparison)
================================================================================

Correlation Score Statistics:
  Left envelope correlations: 0.000000 ± 0.000000
  Right envelope correlations: 0.000000 ± 0.000000

Score Difference (Right - Left): 0.000000 ± 0.000000
  Samples where right > left: 0/24320 (0.0%)

  ⚠ WARNING: Target length (19) doesn't match score length (24320)
  Skipping per-class diagnostics. This may indicate target aggregation mismatch.
================================================================================

FULCCA training completed! Validation accuracy: 1.0000

Testing FULCCA model...
Testing FULCCA model...
Making FULCCA predictions...
Generator produced 20 valid samples

================================================================================
PREDICTION DIAGNOSTICS (Left vs Right Audio Comparison)
================================================================================

Correlation Score Statistics:
  Left envelope correlations: 0.000000 ± 0.000000
  Right envelope correlations: 0.000000 ± 0.000000

Score Difference (Right - Left): 0.000000 ± 0.000000
  Samples where right > left: 0/25600 (0.0%)

  ⚠ WARNING: Target length (20) doesn't match score length (25600)
  Skipping per-class diagnostics. This may indicate target aggregation mismatch.
================================================================================

Calculating temporal performance metrics...
Testing 0.5s window (32 samples)...
⚠ WARNING: Audio base directory not found, using default: Data/Das/4004271/Stimuli
Loading Fulsang preprocessing validated data from 18 files...
✓ Using validated attention labels with quality control
✓ Using subject-wise organized data (no data leakage)
⚠ Audio loading DISABLED - using dummy audio envelopes (faster loading)
✓ Found TFRecord files in: ['tfrecords', 'tfrecords', 'tfrecords']...
✓ Loaded 3200 samples from subject S5
✓ Loaded 3200 samples from subject S6
✓ Loaded 3200 samples from subject S12
✓ Loaded 3200 samples from subject S16
✓ Loaded 3200 samples from subject S11
✓ Loaded 3200 samples from subject S2
✓ Loaded 3200 samples from subject S4
✓ Loaded 3200 samples from subject S18
✓ Loaded 3200 samples from subject S3
✓ Loaded 3200 samples from subject S9
✓ Loaded 3200 samples from subject S1
✓ Loaded 3200 samples from subject S17
✓ Loaded 3200 samples from subject S10
✓ Loaded 3200 samples from subject S13
✓ Loaded 3200 samples from subject S15
✓ Loaded 3200 samples from subject S7
✓ Loaded 3200 samples from subject S14
✓ Loaded 3200 samples from subject S8

============================================================
Loading Summary:
  Successfully loaded files: 18
  Failed files: 0
  Total records loaded: 57600
  Skipped records: 0
  Shape validation errors: 0
============================================================

Subject-wise statistics:
  S5: 3200 samples, labels [1600 1600]
  S6: 3200 samples, labels [1600 1600]
  S12: 3200 samples, labels [1600 1600]
  S16: 3200 samples, labels [1600 1600]
  S11: 3200 samples, labels [1600 1600]
  S2: 3200 samples, labels [1600 1600]
  S4: 3200 samples, labels [1600 1600]
  S18: 3200 samples, labels [1600 1600]
  S3: 3200 samples, labels [1600 1600]
  S9: 3200 samples, labels [1600 1600]
  S1: 3200 samples, labels [1600 1600]
  S17: 3200 samples, labels [1600 1600]
  S10: 3200 samples, labels [1600 1600]
  S13: 3200 samples, labels [1600 1600]
  S15: 3200 samples, labels [1600 1600]
  S7: 3200 samples, labels [1600 1600]
  S14: 3200 samples, labels [1600 1600]
  S8: 3200 samples, labels [1600 1600]

Final data shapes:
  EEG data: (57600, 66) (samples, channels)
  Audio envelopes: (57600, 4) (samples, features)
  Labels: (57600,) (samples,)
  Expected EEG shape: (n_samples, 64)
  Valid audio envelopes: 0/57600 (0.0%)
  ⚠ WARNING: All audio envelopes are zero! Audio files may not be loading correctly.
    Check audio file paths in TFRecords and audio_base_dir setting.
Creating 3599 Fulsang windows:
  Window size: 32 samples (0.5 seconds)
  Step size: 16 samples (0.2 seconds)
  Overlap: 50.0%
  Sampling rate: 64 Hz
⚠ WARNING: Very short window (0.5s) may have poor signal-to-noise
Created 3599 Fulsang windows
Window label distribution: [3599]
Loaded 3599 Fulsang windows for test mode
Fulsang EEG shape: (57600, 66)
Fulsang Audio envelopes shape: (57600, 4)
Fulsang Label distribution: [28800 28800]
Using Fulsang preprocessing: Yes
Cache size: 1000 windows
Making FULCCA predictions...
⚠ Error during prediction: {{function_node __wrapped__IteratorGetNext_output_types_3_device_/job:localhost/replica:0/task:0/device:CPU:0}} TypeError: `generator` yielded an element that could not be converted to the expected type. The expected type was int64, but the yielded element was {'left_env': <tf.Tensor: shape=(32, 4), dtype=float32, numpy=
array([[0., 0., 0., 0.],
       [0., 0., 0., 0.],
       [0., 0., 0., 0.],
       [0., 0., 0., 0.],
       [0., 0., 0., 0.],
       [0., 0., 0., 0.],
       [0., 0., 0., 0.],
       [0., 0., 0., 0.],
       [0., 0., 0., 0.],
       [0., 0., 0., 0.],
       [0., 0., 0., 0.],
       [0., 0., 0., 0.],
       [0., 0., 0., 0.],
       [0., 0., 0., 0.],
       [0., 0., 0., 0.],
       [0., 0., 0., 0.],
       [0., 0., 0., 0.],
       [0., 0., 0., 0.],
       [0., 0., 0., 0.],
       [0., 0., 0., 0.],
       [0., 0., 0., 0.],
       [0., 0., 0., 0.],
       [0., 0., 0., 0.],
       [0., 0., 0., 0.],
       [0., 0., 0., 0.],
       [0., 0., 0., 0.],
       [0., 0., 0., 0.],
       [0., 0., 0., 0.],
       [0., 0., 0., 0.],
       [0., 0., 0., 0.],
       [0., 0., 0., 0.],
       [0., 0., 0., 0.]], dtype=float32)>, 'right_env': <tf.Tensor: shape=(32, 4), dtype=float32, numpy=
array([[0., 0., 0., 0.],
       [0., 0., 0., 0.],
       [0., 0., 0., 0.],
       [0., 0., 0., 0.],
       [0., 0., 0., 0.],
       [0., 0., 0., 0.],
       [0., 0., 0., 0.],
       [0., 0., 0., 0.],
       [0., 0., 0., 0.],
       [0., 0., 0., 0.],
       [0., 0., 0., 0.],
       [0., 0., 0., 0.],
       [0., 0., 0., 0.],
       [0., 0., 0., 0.],
       [0., 0., 0., 0.],
       [0., 0., 0., 0.],
       [0., 0., 0., 0.],
       [0., 0., 0., 0.],
       [0., 0., 0., 0.],
       [0., 0., 0., 0.],
       [0., 0., 0., 0.],
       [0., 0., 0., 0.],
       [0., 0., 0., 0.],
       [0., 0., 0., 0.],
       [0., 0., 0., 0.],
       [0., 0., 0., 0.],
       [0., 0., 0., 0.],
       [0., 0., 0., 0.],
       [0., 0., 0., 0.],
       [0., 0., 0., 0.],
       [0., 0., 0., 0.],
       [0., 0., 0., 0.]], dtype=float32)>, 'label': <tf.Tensor: shape=(1,), dtype=int64, numpy=array([0])>}.
Traceback (most recent call last):

  File "/home/py9363/.local/lib/python3.9/site-packages/tensorflow/python/data/ops/from_generator_op.py", line 214, in generator_py_func
    script_ops.FuncRegistry._convert(  # pylint: disable=protected-access

  File "/home/py9363/.local/lib/python3.9/site-packages/tensorflow/python/ops/script_ops.py", line 228, in _convert
    result = numpy_compat.np_asarray(value, dtype=dtype, order="C")

  File "/home/py9363/.local/lib/python3.9/site-packages/tensorflow/python/util/numpy_compat.py", line 78, in np_asarray
    return np.asarray(values, order=order, copy=copy).astype(dtype, copy=copy)

TypeError: int() argument must be a string, a bytes-like object or a number, not 'dict'


The above exception was the direct cause of the following exception:


Traceback (most recent call last):

  File "/home/py9363/.local/lib/python3.9/site-packages/tensorflow/python/ops/script_ops.py", line 269, in __call__
    ret = func(*args)

  File "/home/py9363/.local/lib/python3.9/site-packages/tensorflow/python/autograph/impl/api.py", line 643, in wrapper
    return func(*args, **kwargs)

  File "/home/py9363/.local/lib/python3.9/site-packages/tensorflow/python/data/ops/from_generator_op.py", line 218, in generator_py_func
    raise TypeError(

TypeError: `generator` yielded an element that could not be converted to the expected type. The expected type was int64, but the yielded element was {'left_env': <tf.Tensor: shape=(32, 4), dtype=float32, numpy=
array([[0., 0., 0., 0.],
       [0., 0., 0., 0.],
       [0., 0., 0., 0.],
       [0., 0., 0., 0.],
       [0., 0., 0., 0.],
       [0., 0., 0., 0.],
       [0., 0., 0., 0.],
       [0., 0., 0., 0.],
       [0., 0., 0., 0.],
       [0., 0., 0., 0.],
       [0., 0., 0., 0.],
       [0., 0., 0., 0.],
       [0., 0., 0., 0.],
       [0., 0., 0., 0.],
       [0., 0., 0., 0.],
       [0., 0., 0., 0.],
       [0., 0., 0., 0.],
       [0., 0., 0., 0.],
       [0., 0., 0., 0.],
       [0., 0., 0., 0.],
       [0., 0., 0., 0.],
       [0., 0., 0., 0.],
       [0., 0., 0., 0.],
       [0., 0., 0., 0.],
       [0., 0., 0., 0.],
       [0., 0., 0., 0.],
       [0., 0., 0., 0.],
       [0., 0., 0., 0.],
       [0., 0., 0., 0.],
       [0., 0., 0., 0.],
       [0., 0., 0., 0.],
       [0., 0., 0., 0.]], dtype=float32)>, 'right_env': <tf.Tensor: shape=(32, 4), dtype=float32, numpy=
array([[0., 0., 0., 0.],
       [0., 0., 0., 0.],
       [0., 0., 0., 0.],
       [0., 0., 0., 0.],
       [0., 0., 0., 0.],
       [0., 0., 0., 0.],
       [0., 0., 0., 0.],
       [0., 0., 0., 0.],
       [0., 0., 0., 0.],
       [0., 0., 0., 0.],
       [0., 0., 0., 0.],
       [0., 0., 0., 0.],
       [0., 0., 0., 0.],
       [0., 0., 0., 0.],
       [0., 0., 0., 0.],
       [0., 0., 0., 0.],
       [0., 0., 0., 0.],
       [0., 0., 0., 0.],
       [0., 0., 0., 0.],
       [0., 0., 0., 0.],
       [0., 0., 0., 0.],
       [0., 0., 0., 0.],
       [0., 0., 0., 0.],
       [0., 0., 0., 0.],
       [0., 0., 0., 0.],
       [0., 0., 0., 0.],
       [0., 0., 0., 0.],
       [0., 0., 0., 0.],
       [0., 0., 0., 0.],
       [0., 0., 0., 0.],
       [0., 0., 0., 0.],
       [0., 0., 0., 0.]], dtype=float32)>, 'label': <tf.Tensor: shape=(1,), dtype=int64, numpy=array([0])>}.


	 [[{{node PyFunc}}]] [Op:IteratorGetNext] name: 
  Falling back to CPU for predictions...
⚠ CPU fallback also failed: {{function_node __wrapped__IteratorGetNext_output_types_3_device_/job:localhost/replica:0/task:0/device:CPU:0}} TypeError: `generator` yielded an element that could not be converted to the expected type. The expected type was int64, but the yielded element was {'left_env': <tf.Tensor: shape=(32, 4), dtype=float32, numpy=
array([[0., 0., 0., 0.],
       [0., 0., 0., 0.],
       [0., 0., 0., 0.],
       [0., 0., 0., 0.],
       [0., 0., 0., 0.],
       [0., 0., 0., 0.],
       [0., 0., 0., 0.],
       [0., 0., 0., 0.],
       [0., 0., 0., 0.],
       [0., 0., 0., 0.],
       [0., 0., 0., 0.],
       [0., 0., 0., 0.],
       [0., 0., 0., 0.],
       [0., 0., 0., 0.],
       [0., 0., 0., 0.],
       [0., 0., 0., 0.],
       [0., 0., 0., 0.],
       [0., 0., 0., 0.],
       [0., 0., 0., 0.],
       [0., 0., 0., 0.],
       [0., 0., 0., 0.],
       [0., 0., 0., 0.],
       [0., 0., 0., 0.],
       [0., 0., 0., 0.],
       [0., 0., 0., 0.],
       [0., 0., 0., 0.],
       [0., 0., 0., 0.],
       [0., 0., 0., 0.],
       [0., 0., 0., 0.],
       [0., 0., 0., 0.],
       [0., 0., 0., 0.],
       [0., 0., 0., 0.]], dtype=float32)>, 'right_env': <tf.Tensor: shape=(32, 4), dtype=float32, numpy=
array([[0., 0., 0., 0.],
       [0., 0., 0., 0.],
       [0., 0., 0., 0.],
       [0., 0., 0., 0.],
       [0., 0., 0., 0.],
       [0., 0., 0., 0.],
       [0., 0., 0., 0.],
       [0., 0., 0., 0.],
       [0., 0., 0., 0.],
       [0., 0., 0., 0.],
       [0., 0., 0., 0.],
       [0., 0., 0., 0.],
       [0., 0., 0., 0.],
       [0., 0., 0., 0.],
       [0., 0., 0., 0.],
       [0., 0., 0., 0.],
       [0., 0., 0., 0.],
       [0., 0., 0., 0.],
       [0., 0., 0., 0.],
       [0., 0., 0., 0.],
       [0., 0., 0., 0.],
       [0., 0., 0., 0.],
       [0., 0., 0., 0.],
       [0., 0., 0., 0.],
       [0., 0., 0., 0.],
       [0., 0., 0., 0.],
       [0., 0., 0., 0.],
       [0., 0., 0., 0.],
       [0., 0., 0., 0.],
       [0., 0., 0., 0.],
       [0., 0., 0., 0.],
       [0., 0., 0., 0.]], dtype=float32)>, 'label': <tf.Tensor: shape=(1,), dtype=int64, numpy=array([0])>}.
Traceback (most recent call last):

  File "/home/py9363/.local/lib/python3.9/site-packages/tensorflow/python/data/ops/from_generator_op.py", line 214, in generator_py_func
    script_ops.FuncRegistry._convert(  # pylint: disable=protected-access

  File "/home/py9363/.local/lib/python3.9/site-packages/tensorflow/python/ops/script_ops.py", line 228, in _convert
    result = numpy_compat.np_asarray(value, dtype=dtype, order="C")

  File "/home/py9363/.local/lib/python3.9/site-packages/tensorflow/python/util/numpy_compat.py", line 78, in np_asarray
    return np.asarray(values, order=order, copy=copy).astype(dtype, copy=copy)

TypeError: int() argument must be a string, a bytes-like object or a number, not 'dict'


The above exception was the direct cause of the following exception:


Traceback (most recent call last):

  File "/home/py9363/.local/lib/python3.9/site-packages/tensorflow/python/ops/script_ops.py", line 269, in __call__
    ret = func(*args)

  File "/home/py9363/.local/lib/python3.9/site-packages/tensorflow/python/autograph/impl/api.py", line 643, in wrapper
    return func(*args, **kwargs)

  File "/home/py9363/.local/lib/python3.9/site-packages/tensorflow/python/data/ops/from_generator_op.py", line 218, in generator_py_func
    raise TypeError(

TypeError: `generator` yielded an element that could not be converted to the expected type. The expected type was int64, but the yielded element was {'left_env': <tf.Tensor: shape=(32, 4), dtype=float32, numpy=
array([[0., 0., 0., 0.],
       [0., 0., 0., 0.],
       [0., 0., 0., 0.],
       [0., 0., 0., 0.],
       [0., 0., 0., 0.],
       [0., 0., 0., 0.],
       [0., 0., 0., 0.],
       [0., 0., 0., 0.],
       [0., 0., 0., 0.],
       [0., 0., 0., 0.],
       [0., 0., 0., 0.],
       [0., 0., 0., 0.],
       [0., 0., 0., 0.],
       [0., 0., 0., 0.],
       [0., 0., 0., 0.],
       [0., 0., 0., 0.],
       [0., 0., 0., 0.],
       [0., 0., 0., 0.],
       [0., 0., 0., 0.],
       [0., 0., 0., 0.],
       [0., 0., 0., 0.],
       [0., 0., 0., 0.],
       [0., 0., 0., 0.],
       [0., 0., 0., 0.],
       [0., 0., 0., 0.],
       [0., 0., 0., 0.],
       [0., 0., 0., 0.],
       [0., 0., 0., 0.],
       [0., 0., 0., 0.],
       [0., 0., 0., 0.],
       [0., 0., 0., 0.],
       [0., 0., 0., 0.]], dtype=float32)>, 'right_env': <tf.Tensor: shape=(32, 4), dtype=float32, numpy=
array([[0., 0., 0., 0.],
       [0., 0., 0., 0.],
       [0., 0., 0., 0.],
       [0., 0., 0., 0.],
       [0., 0., 0., 0.],
       [0., 0., 0., 0.],
       [0., 0., 0., 0.],
       [0., 0., 0., 0.],
       [0., 0., 0., 0.],
       [0., 0., 0., 0.],
       [0., 0., 0., 0.],
       [0., 0., 0., 0.],
       [0., 0., 0., 0.],
       [0., 0., 0., 0.],
       [0., 0., 0., 0.],
       [0., 0., 0., 0.],
       [0., 0., 0., 0.],
       [0., 0., 0., 0.],
       [0., 0., 0., 0.],
       [0., 0., 0., 0.],
       [0., 0., 0., 0.],
       [0., 0., 0., 0.],
       [0., 0., 0., 0.],
       [0., 0., 0., 0.],
       [0., 0., 0., 0.],
       [0., 0., 0., 0.],
       [0., 0., 0., 0.],
       [0., 0., 0., 0.],
       [0., 0., 0., 0.],
       [0., 0., 0., 0.],
       [0., 0., 0., 0.],
       [0., 0., 0., 0.]], dtype=float32)>, 'label': <tf.Tensor: shape=(1,), dtype=int64, numpy=array([0])>}.


	 [[{{node PyFunc}}]] [Op:IteratorGetNext] name: 
  Error testing 0.5s window: Both GPU and CPU prediction failed. GPU error: {{function_node __wrapped__IteratorGetNext_output_types_3_device_/job:localhost/replica:0/task:0/device:CPU:0}} TypeError: `generator` yielded an element that could not be converted to the expected type. The expected type was int64, but the yielded element was {'left_env': <tf.Tensor: shape=(32, 4), dtype=float32, numpy=
array([[0., 0., 0., 0.],
       [0., 0., 0., 0.],
       [0., 0., 0., 0.],
       [0., 0., 0., 0.],
       [0., 0., 0., 0.],
       [0., 0., 0., 0.],
       [0., 0., 0., 0.],
       [0., 0., 0., 0.],
       [0., 0., 0., 0.],
       [0., 0., 0., 0.],
       [0., 0., 0., 0.],
       [0., 0., 0., 0.],
       [0., 0., 0., 0.],
       [0., 0., 0., 0.],
       [0., 0., 0., 0.],
       [0., 0., 0., 0.],
       [0., 0., 0., 0.],
       [0., 0., 0., 0.],
       [0., 0., 0., 0.],
       [0., 0., 0., 0.],
       [0., 0., 0., 0.],
       [0., 0., 0., 0.],
       [0., 0., 0., 0.],
       [0., 0., 0., 0.],
       [0., 0., 0., 0.],
       [0., 0., 0., 0.],
       [0., 0., 0., 0.],
       [0., 0., 0., 0.],
       [0., 0., 0., 0.],
       [0., 0., 0., 0.],
       [0., 0., 0., 0.],
       [0., 0., 0., 0.]], dtype=float32)>, 'right_env': <tf.Tensor: shape=(32, 4), dtype=float32, numpy=
array([[0., 0., 0., 0.],
       [0., 0., 0., 0.],
       [0., 0., 0., 0.],
       [0., 0., 0., 0.],
       [0., 0., 0., 0.],
       [0., 0., 0., 0.],
       [0., 0., 0., 0.],
       [0., 0., 0., 0.],
       [0., 0., 0., 0.],
       [0., 0., 0., 0.],
       [0., 0., 0., 0.],
       [0., 0., 0., 0.],
       [0., 0., 0., 0.],
       [0., 0., 0., 0.],
       [0., 0., 0., 0.],
       [0., 0., 0., 0.],
       [0., 0., 0., 0.],
       [0., 0., 0., 0.],
       [0., 0., 0., 0.],
       [0., 0., 0., 0.],
       [0., 0., 0., 0.],
       [0., 0., 0., 0.],
       [0., 0., 0., 0.],
       [0., 0., 0., 0.],
       [0., 0., 0., 0.],
       [0., 0., 0., 0.],
       [0., 0., 0., 0.],
       [0., 0., 0., 0.],
       [0., 0., 0., 0.],
       [0., 0., 0., 0.],
       [0., 0., 0., 0.],
       [0., 0., 0., 0.]], dtype=float32)>, 'label': <tf.Tensor: shape=(1,), dtype=int64, numpy=array([0])>}.
Traceback (most recent call last):

  File "/home/py9363/.local/lib/python3.9/site-packages/tensorflow/python/data/ops/from_generator_op.py", line 214, in generator_py_func
    script_ops.FuncRegistry._convert(  # pylint: disable=protected-access

  File "/home/py9363/.local/lib/python3.9/site-packages/tensorflow/python/ops/script_ops.py", line 228, in _convert
    result = numpy_compat.np_asarray(value, dtype=dtype, order="C")

  File "/home/py9363/.local/lib/python3.9/site-packages/tensorflow/python/util/numpy_compat.py", line 78, in np_asarray
    return np.asarray(values, order=order, copy=copy).astype(dtype, copy=copy)

TypeError: int() argument must be a string, a bytes-like object or a number, not 'dict'


The above exception was the direct cause of the following exception:


Traceback (most recent call last):

  File "/home/py9363/.local/lib/python3.9/site-packages/tensorflow/python/ops/script_ops.py", line 269, in __call__
    ret = func(*args)

  File "/home/py9363/.local/lib/python3.9/site-packages/tensorflow/python/autograph/impl/api.py", line 643, in wrapper
    return func(*args, **kwargs)

  File "/home/py9363/.local/lib/python3.9/site-packages/tensorflow/python/data/ops/from_generator_op.py", line 218, in generator_py_func
    raise TypeError(

TypeError: `generator` yielded an element that could not be converted to the expected type. The expected type was int64, but the yielded element was {'left_env': <tf.Tensor: shape=(32, 4), dtype=float32, numpy=
array([[0., 0., 0., 0.],
       [0., 0., 0., 0.],
       [0., 0., 0., 0.],
       [0., 0., 0., 0.],
       [0., 0., 0., 0.],
       [0., 0., 0., 0.],
       [0., 0., 0., 0.],
       [0., 0., 0., 0.],
       [0., 0., 0., 0.],
       [0., 0., 0., 0.],
       [0., 0., 0., 0.],
       [0., 0., 0., 0.],
       [0., 0., 0., 0.],
       [0., 0., 0., 0.],
       [0., 0., 0., 0.],
       [0., 0., 0., 0.],
       [0., 0., 0., 0.],
       [0., 0., 0., 0.],
       [0., 0., 0., 0.],
       [0., 0., 0., 0.],
       [0., 0., 0., 0.],
       [0., 0., 0., 0.],
       [0., 0., 0., 0.],
       [0., 0., 0., 0.],
       [0., 0., 0., 0.],
       [0., 0., 0., 0.],
       [0., 0., 0., 0.],
       [0., 0., 0., 0.],
       [0., 0., 0., 0.],
       [0., 0., 0., 0.],
       [0., 0., 0., 0.],
       [0., 0., 0., 0.]], dtype=float32)>, 'right_env': <tf.Tensor: shape=(32, 4), dtype=float32, numpy=
array([[0., 0., 0., 0.],
       [0., 0., 0., 0.],
       [0., 0., 0., 0.],
       [0., 0., 0., 0.],
       [0., 0., 0., 0.],
       [0., 0., 0., 0.],
       [0., 0., 0., 0.],
       [0., 0., 0., 0.],
       [0., 0., 0., 0.],
       [0., 0., 0., 0.],
       [0., 0., 0., 0.],
       [0., 0., 0., 0.],
       [0., 0., 0., 0.],
       [0., 0., 0., 0.],
       [0., 0., 0., 0.],
       [0., 0., 0., 0.],
       [0., 0., 0., 0.],
       [0., 0., 0., 0.],
       [0., 0., 0., 0.],
       [0., 0., 0., 0.],
       [0., 0., 0., 0.],
       [0., 0., 0., 0.],
       [0., 0., 0., 0.],
       [0., 0., 0., 0.],
       [0., 0., 0., 0.],
       [0., 0., 0., 0.],
       [0., 0., 0., 0.],
       [0., 0., 0., 0.],
       [0., 0., 0., 0.],
       [0., 0., 0., 0.],
       [0., 0., 0., 0.],
       [0., 0., 0., 0.]], dtype=float32)>, 'label': <tf.Tensor: shape=(1,), dtype=int64, numpy=array([0])>}.


	 [[{{node PyFunc}}]] [Op:IteratorGetNext] name: , CPU error: {{function_node __wrapped__IteratorGetNext_output_types_3_device_/job:localhost/replica:0/task:0/device:CPU:0}} TypeError: `generator` yielded an element that could not be converted to the expected type. The expected type was int64, but the yielded element was {'left_env': <tf.Tensor: shape=(32, 4), dtype=float32, numpy=
array([[0., 0., 0., 0.],
       [0., 0., 0., 0.],
       [0., 0., 0., 0.],
       [0., 0., 0., 0.],
       [0., 0., 0., 0.],
       [0., 0., 0., 0.],
       [0., 0., 0., 0.],
       [0., 0., 0., 0.],
       [0., 0., 0., 0.],
       [0., 0., 0., 0.],
       [0., 0., 0., 0.],
       [0., 0., 0., 0.],
       [0., 0., 0., 0.],
       [0., 0., 0., 0.],
       [0., 0., 0., 0.],
       [0., 0., 0., 0.],
       [0., 0., 0., 0.],
       [0., 0., 0., 0.],
       [0., 0., 0., 0.],
       [0., 0., 0., 0.],
       [0., 0., 0., 0.],
       [0., 0., 0., 0.],
       [0., 0., 0., 0.],
       [0., 0., 0., 0.],
       [0., 0., 0., 0.],
       [0., 0., 0., 0.],
       [0., 0., 0., 0.],
       [0., 0., 0., 0.],
       [0., 0., 0., 0.],
       [0., 0., 0., 0.],
       [0., 0., 0., 0.],
       [0., 0., 0., 0.]], dtype=float32)>, 'right_env': <tf.Tensor: shape=(32, 4), dtype=float32, numpy=
array([[0., 0., 0., 0.],
       [0., 0., 0., 0.],
       [0., 0., 0., 0.],
       [0., 0., 0., 0.],
       [0., 0., 0., 0.],
       [0., 0., 0., 0.],
       [0., 0., 0., 0.],
       [0., 0., 0., 0.],
       [0., 0., 0., 0.],
       [0., 0., 0., 0.],
       [0., 0., 0., 0.],
       [0., 0., 0., 0.],
       [0., 0., 0., 0.],
       [0., 0., 0., 0.],
       [0., 0., 0., 0.],
       [0., 0., 0., 0.],
       [0., 0., 0., 0.],
       [0., 0., 0., 0.],
       [0., 0., 0., 0.],
       [0., 0., 0., 0.],
       [0., 0., 0., 0.],
       [0., 0., 0., 0.],
       [0., 0., 0., 0.],
       [0., 0., 0., 0.],
       [0., 0., 0., 0.],
       [0., 0., 0., 0.],
       [0., 0., 0., 0.],
       [0., 0., 0., 0.],
       [0., 0., 0., 0.],
       [0., 0., 0., 0.],
       [0., 0., 0., 0.],
       [0., 0., 0., 0.]], dtype=float32)>, 'label': <tf.Tensor: shape=(1,), dtype=int64, numpy=array([0])>}.
Traceback (most recent call last):

  File "/home/py9363/.local/lib/python3.9/site-packages/tensorflow/python/data/ops/from_generator_op.py", line 214, in generator_py_func
    script_ops.FuncRegistry._convert(  # pylint: disable=protected-access

  File "/home/py9363/.local/lib/python3.9/site-packages/tensorflow/python/ops/script_ops.py", line 228, in _convert
    result = numpy_compat.np_asarray(value, dtype=dtype, order="C")

  File "/home/py9363/.local/lib/python3.9/site-packages/tensorflow/python/util/numpy_compat.py", line 78, in np_asarray
    return np.asarray(values, order=order, copy=copy).astype(dtype, copy=copy)

TypeError: int() argument must be a string, a bytes-like object or a number, not 'dict'


The above exception was the direct cause of the following exception:


Traceback (most recent call last):

  File "/home/py9363/.local/lib/python3.9/site-packages/tensorflow/python/ops/script_ops.py", line 269, in __call__
    ret = func(*args)

  File "/home/py9363/.local/lib/python3.9/site-packages/tensorflow/python/autograph/impl/api.py", line 643, in wrapper
    return func(*args, **kwargs)

  File "/home/py9363/.local/lib/python3.9/site-packages/tensorflow/python/data/ops/from_generator_op.py", line 218, in generator_py_func
    raise TypeError(

TypeError: `generator` yielded an element that could not be converted to the expected type. The expected type was int64, but the yielded element was {'left_env': <tf.Tensor: shape=(32, 4), dtype=float32, numpy=
array([[0., 0., 0., 0.],
       [0., 0., 0., 0.],
       [0., 0., 0., 0.],
       [0., 0., 0., 0.],
       [0., 0., 0., 0.],
       [0., 0., 0., 0.],
       [0., 0., 0., 0.],
       [0., 0., 0., 0.],
       [0., 0., 0., 0.],
       [0., 0., 0., 0.],
       [0., 0., 0., 0.],
       [0., 0., 0., 0.],
       [0., 0., 0., 0.],
       [0., 0., 0., 0.],
       [0., 0., 0., 0.],
       [0., 0., 0., 0.],
       [0., 0., 0., 0.],
       [0., 0., 0., 0.],
       [0., 0., 0., 0.],
       [0., 0., 0., 0.],
       [0., 0., 0., 0.],
       [0., 0., 0., 0.],
       [0., 0., 0., 0.],
       [0., 0., 0., 0.],
       [0., 0., 0., 0.],
       [0., 0., 0., 0.],
       [0., 0., 0., 0.],
       [0., 0., 0., 0.],
       [0., 0., 0., 0.],
       [0., 0., 0., 0.],
       [0., 0., 0., 0.],
       [0., 0., 0., 0.]], dtype=float32)>, 'right_env': <tf.Tensor: shape=(32, 4), dtype=float32, numpy=
array([[0., 0., 0., 0.],
       [0., 0., 0., 0.],
       [0., 0., 0., 0.],
       [0., 0., 0., 0.],
       [0., 0., 0., 0.],
       [0., 0., 0., 0.],
       [0., 0., 0., 0.],
       [0., 0., 0., 0.],
       [0., 0., 0., 0.],
       [0., 0., 0., 0.],
       [0., 0., 0., 0.],
       [0., 0., 0., 0.],
       [0., 0., 0., 0.],
       [0., 0., 0., 0.],
       [0., 0., 0., 0.],
       [0., 0., 0., 0.],
       [0., 0., 0., 0.],
       [0., 0., 0., 0.],
       [0., 0., 0., 0.],
       [0., 0., 0., 0.],
       [0., 0., 0., 0.],
       [0., 0., 0., 0.],
       [0., 0., 0., 0.],
       [0., 0., 0., 0.],
       [0., 0., 0., 0.],
       [0., 0., 0., 0.],
       [0., 0., 0., 0.],
       [0., 0., 0., 0.],
       [0., 0., 0., 0.],
       [0., 0., 0., 0.],
       [0., 0., 0., 0.],
       [0., 0., 0., 0.]], dtype=float32)>, 'label': <tf.Tensor: shape=(1,), dtype=int64, numpy=array([0])>}.


	 [[{{node PyFunc}}]] [Op:IteratorGetNext] name: 
Testing 1.0s window (64 samples)...
⚠ WARNING: Audio base directory not found, using default: Data/Das/4004271/Stimuli
Loading Fulsang preprocessing validated data from 18 files...
✓ Using validated attention labels with quality control
✓ Using subject-wise organized data (no data leakage)
⚠ Audio loading DISABLED - using dummy audio envelopes (faster loading)
✓ Found TFRecord files in: ['tfrecords', 'tfrecords', 'tfrecords']...
✓ Loaded 3200 samples from subject S5
✓ Loaded 3200 samples from subject S6
✓ Loaded 3200 samples from subject S12
✓ Loaded 3200 samples from subject S16
✓ Loaded 3200 samples from subject S11
✓ Loaded 3200 samples from subject S2
✓ Loaded 3200 samples from subject S4
✓ Loaded 3200 samples from subject S18
✓ Loaded 3200 samples from subject S3
✓ Loaded 3200 samples from subject S9
✓ Loaded 3200 samples from subject S1
✓ Loaded 3200 samples from subject S17
✓ Loaded 3200 samples from subject S10
✓ Loaded 3200 samples from subject S13
✓ Loaded 3200 samples from subject S15
✓ Loaded 3200 samples from subject S7
✓ Loaded 3200 samples from subject S14
✓ Loaded 3200 samples from subject S8

============================================================
Loading Summary:
  Successfully loaded files: 18
  Failed files: 0
  Total records loaded: 57600
  Skipped records: 0
  Shape validation errors: 0
============================================================

Subject-wise statistics:
  S5: 3200 samples, labels [1600 1600]
  S6: 3200 samples, labels [1600 1600]
  S12: 3200 samples, labels [1600 1600]
  S16: 3200 samples, labels [1600 1600]
  S11: 3200 samples, labels [1600 1600]
  S2: 3200 samples, labels [1600 1600]
  S4: 3200 samples, labels [1600 1600]
  S18: 3200 samples, labels [1600 1600]
  S3: 3200 samples, labels [1600 1600]
  S9: 3200 samples, labels [1600 1600]
  S1: 3200 samples, labels [1600 1600]
  S17: 3200 samples, labels [1600 1600]
  S10: 3200 samples, labels [1600 1600]
  S13: 3200 samples, labels [1600 1600]
  S15: 3200 samples, labels [1600 1600]
  S7: 3200 samples, labels [1600 1600]
  S14: 3200 samples, labels [1600 1600]
  S8: 3200 samples, labels [1600 1600]

Final data shapes:
  EEG data: (57600, 66) (samples, channels)
  Audio envelopes: (57600, 4) (samples, features)
  Labels: (57600,) (samples,)
  Expected EEG shape: (n_samples, 64)
  Valid audio envelopes: 0/57600 (0.0%)
  ⚠ WARNING: All audio envelopes are zero! Audio files may not be loading correctly.
    Check audio file paths in TFRecords and audio_base_dir setting.
Creating 1799 Fulsang windows:
  Window size: 64 samples (1.0 seconds)
  Step size: 32 samples (0.5 seconds)
  Overlap: 50.0%
  Sampling rate: 64 Hz
✓ Window size appropriate for EEG attention decoding
Created 1799 Fulsang windows
Window label distribution: [1799]
Loaded 1799 Fulsang windows for test mode
Fulsang EEG shape: (57600, 66)
Fulsang Audio envelopes shape: (57600, 4)
Fulsang Label distribution: [28800 28800]
Using Fulsang preprocessing: Yes
Cache size: 1000 windows
Making FULCCA predictions...
⚠ Error during prediction: {{function_node __wrapped__IteratorGetNext_output_types_3_device_/job:localhost/replica:0/task:0/device:CPU:0}} TypeError: `generator` yielded an element that could not be converted to the expected type. The expected type was int64, but the yielded element was {'left_env': <tf.Tensor: shape=(64, 4), dtype=float32, numpy=
array([[0., 0., 0., 0.],
       [0., 0., 0., 0.],
       [0., 0., 0., 0.],
       [0., 0., 0., 0.],
       [0., 0., 0., 0.],
       [0., 0., 0., 0.],
       [0., 0., 0., 0.],
       [0., 0., 0., 0.],
       [0., 0., 0., 0.],
       [0., 0., 0., 0.],
       [0., 0., 0., 0.],
       [0., 0., 0., 0.],
       [0., 0., 0., 0.],
       [0., 0., 0., 0.],
       [0., 0., 0., 0.],
       [0., 0., 0., 0.],
       [0., 0., 0., 0.],
       [0., 0., 0., 0.],
       [0., 0., 0., 0.],
       [0., 0., 0., 0.],
       [0., 0., 0., 0.],
       [0., 0., 0., 0.],
       [0., 0., 0., 0.],
       [0., 0., 0., 0.],
       [0., 0., 0., 0.],
       [0., 0., 0., 0.],
       [0., 0., 0., 0.],
       [0., 0., 0., 0.],
       [0., 0., 0., 0.],
       [0., 0., 0., 0.],
       [0., 0., 0., 0.],
       [0., 0., 0., 0.],
       [0., 0., 0., 0.],
       [0., 0., 0., 0.],
       [0., 0., 0., 0.],
       [0., 0., 0., 0.],
       [0., 0., 0., 0.],
       [0., 0., 0., 0.],
       [0., 0., 0., 0.],
       [0., 0., 0., 0.],
       [0., 0., 0., 0.],
       [0., 0., 0., 0.],
       [0., 0., 0., 0.],
       [0., 0., 0., 0.],
       [0., 0., 0., 0.],
       [0., 0., 0., 0.],
       [0., 0., 0., 0.],
       [0., 0., 0., 0.],
       [0., 0., 0., 0.],
       [0., 0., 0., 0.],
       [0., 0., 0., 0.],
       [0., 0., 0., 0.],
       [0., 0., 0., 0.],
       [0., 0., 0., 0.],
       [0., 0., 0., 0.],
       [0., 0., 0., 0.],
       [0., 0., 0., 0.],
       [0., 0., 0., 0.],
       [0., 0., 0., 0.],
       [0., 0., 0., 0.],
       [0., 0., 0., 0.],
       [0., 0., 0., 0.],
       [0., 0., 0., 0.],
       [0., 0., 0., 0.]], dtype=float32)>, 'right_env': <tf.Tensor: shape=(64, 4), dtype=float32, numpy=
array([[0., 0., 0., 0.],
       [0., 0., 0., 0.],
       [0., 0., 0., 0.],
       [0., 0., 0., 0.],
       [0., 0., 0., 0.],
       [0., 0., 0., 0.],
       [0., 0., 0., 0.],
       [0., 0., 0., 0.],
       [0., 0., 0., 0.],
       [0., 0., 0., 0.],
       [0., 0., 0., 0.],
       [0., 0., 0., 0.],
       [0., 0., 0., 0.],
       [0., 0., 0., 0.],
       [0., 0., 0., 0.],
       [0., 0., 0., 0.],
       [0., 0., 0., 0.],
       [0., 0., 0., 0.],
       [0., 0., 0., 0.],
       [0., 0., 0., 0.],
       [0., 0., 0., 0.],
       [0., 0., 0., 0.],
       [0., 0., 0., 0.],
       [0., 0., 0., 0.],
       [0., 0., 0., 0.],
       [0., 0., 0., 0.],
       [0., 0., 0., 0.],
       [0., 0., 0., 0.],
       [0., 0., 0., 0.],
       [0., 0., 0., 0.],
       [0., 0., 0., 0.],
       [0., 0., 0., 0.],
       [0., 0., 0., 0.],
       [0., 0., 0., 0.],
       [0., 0., 0., 0.],
       [0., 0., 0., 0.],
       [0., 0., 0., 0.],
       [0., 0., 0., 0.],
       [0., 0., 0., 0.],
       [0., 0., 0., 0.],
       [0., 0., 0., 0.],
       [0., 0., 0., 0.],
       [0., 0., 0., 0.],
       [0., 0., 0., 0.],
       [0., 0., 0., 0.],
       [0., 0., 0., 0.],
       [0., 0., 0., 0.],
       [0., 0., 0., 0.],
       [0., 0., 0., 0.],
       [0., 0., 0., 0.],
       [0., 0., 0., 0.],
       [0., 0., 0., 0.],
       [0., 0., 0., 0.],
       [0., 0., 0., 0.],
       [0., 0., 0., 0.],
       [0., 0., 0., 0.],
       [0., 0., 0., 0.],
       [0., 0., 0., 0.],
       [0., 0., 0., 0.],
       [0., 0., 0., 0.],
       [0., 0., 0., 0.],
       [0., 0., 0., 0.],
       [0., 0., 0., 0.],
       [0., 0., 0., 0.]], dtype=float32)>, 'label': <tf.Tensor: shape=(1,), dtype=int64, numpy=array([0])>}.
Traceback (most recent call last):

  File "/home/py9363/.local/lib/python3.9/site-packages/tensorflow/python/data/ops/from_generator_op.py", line 214, in generator_py_func
    script_ops.FuncRegistry._convert(  # pylint: disable=protected-access

  File "/home/py9363/.local/lib/python3.9/site-packages/tensorflow/python/ops/script_ops.py", line 228, in _convert
    result = numpy_compat.np_asarray(value, dtype=dtype, order="C")

  File "/home/py9363/.local/lib/python3.9/site-packages/tensorflow/python/util/numpy_compat.py", line 78, in np_asarray
    return np.asarray(values, order=order, copy=copy).astype(dtype, copy=copy)

TypeError: int() argument must be a string, a bytes-like object or a number, not 'dict'


The above exception was the direct cause of the following exception:


Traceback (most recent call last):

  File "/home/py9363/.local/lib/python3.9/site-packages/tensorflow/python/ops/script_ops.py", line 269, in __call__
    ret = func(*args)

  File "/home/py9363/.local/lib/python3.9/site-packages/tensorflow/python/autograph/impl/api.py", line 643, in wrapper
    return func(*args, **kwargs)

  File "/home/py9363/.local/lib/python3.9/site-packages/tensorflow/python/data/ops/from_generator_op.py", line 218, in generator_py_func
    raise TypeError(

TypeError: `generator` yielded an element that could not be converted to the expected type. The expected type was int64, but the yielded element was {'left_env': <tf.Tensor: shape=(64, 4), dtype=float32, numpy=
array([[0., 0., 0., 0.],
       [0., 0., 0., 0.],
       [0., 0., 0., 0.],
       [0., 0., 0., 0.],
       [0., 0., 0., 0.],
       [0., 0., 0., 0.],
       [0., 0., 0., 0.],
       [0., 0., 0., 0.],
       [0., 0., 0., 0.],
       [0., 0., 0., 0.],
       [0., 0., 0., 0.],
       [0., 0., 0., 0.],
       [0., 0., 0., 0.],
       [0., 0., 0., 0.],
       [0., 0., 0., 0.],
       [0., 0., 0., 0.],
       [0., 0., 0., 0.],
       [0., 0., 0., 0.],
       [0., 0., 0., 0.],
       [0., 0., 0., 0.],
       [0., 0., 0., 0.],
       [0., 0., 0., 0.],
       [0., 0., 0., 0.],
       [0., 0., 0., 0.],
       [0., 0., 0., 0.],
       [0., 0., 0., 0.],
       [0., 0., 0., 0.],
       [0., 0., 0., 0.],
       [0., 0., 0., 0.],
       [0., 0., 0., 0.],
       [0., 0., 0., 0.],
       [0., 0., 0., 0.],
       [0., 0., 0., 0.],
       [0., 0., 0., 0.],
       [0., 0., 0., 0.],
       [0., 0., 0., 0.],
       [0., 0., 0., 0.],
       [0., 0., 0., 0.],
       [0., 0., 0., 0.],
       [0., 0., 0., 0.],
       [0., 0., 0., 0.],
       [0., 0., 0., 0.],
       [0., 0., 0., 0.],
       [0., 0., 0., 0.],
       [0., 0., 0., 0.],
       [0., 0., 0., 0.],
       [0., 0., 0., 0.],
       [0., 0., 0., 0.],
       [0., 0., 0., 0.],
       [0., 0., 0., 0.],
       [0., 0., 0., 0.],
       [0., 0., 0., 0.],
       [0., 0., 0., 0.],
       [0., 0., 0., 0.],
       [0., 0., 0., 0.],
       [0., 0., 0., 0.],
       [0., 0., 0., 0.],
       [0., 0., 0., 0.],
       [0., 0., 0., 0.],
       [0., 0., 0., 0.],
       [0., 0., 0., 0.],
       [0., 0., 0., 0.],
       [0., 0., 0., 0.],
       [0., 0., 0., 0.]], dtype=float32)>, 'right_env': <tf.Tensor: shape=(64, 4), dtype=float32, numpy=
array([[0., 0., 0., 0.],
       [0., 0., 0., 0.],
       [0., 0., 0., 0.],
       [0., 0., 0., 0.],
       [0., 0., 0., 0.],
       [0., 0., 0., 0.],
       [0., 0., 0., 0.],
       [0., 0., 0., 0.],
       [0., 0., 0., 0.],
       [0., 0., 0., 0.],
       [0., 0., 0., 0.],
       [0., 0., 0., 0.],
       [0., 0., 0., 0.],
       [0., 0., 0., 0.],
       [0., 0., 0., 0.],
       [0., 0., 0., 0.],
       [0., 0., 0., 0.],
       [0., 0., 0., 0.],
       [0., 0., 0., 0.],
       [0., 0., 0., 0.],
       [0., 0., 0., 0.],
       [0., 0., 0., 0.],
       [0., 0., 0., 0.],
       [0., 0., 0., 0.],
       [0., 0., 0., 0.],
       [0., 0., 0., 0.],
       [0., 0., 0., 0.],
       [0., 0., 0., 0.],
       [0., 0., 0., 0.],
       [0., 0., 0., 0.],
       [0., 0., 0., 0.],
       [0., 0., 0., 0.],
       [0., 0., 0., 0.],
       [0., 0., 0., 0.],
       [0., 0., 0., 0.],
       [0., 0., 0., 0.],
       [0., 0., 0., 0.],
       [0., 0., 0., 0.],
       [0., 0., 0., 0.],
       [0., 0., 0., 0.],
       [0., 0., 0., 0.],
       [0., 0., 0., 0.],
       [0., 0., 0., 0.],
       [0., 0., 0., 0.],
       [0., 0., 0., 0.],
       [0., 0., 0., 0.],
       [0., 0., 0., 0.],
       [0., 0., 0., 0.],
       [0., 0., 0., 0.],
       [0., 0., 0., 0.],
       [0., 0., 0., 0.],
       [0., 0., 0., 0.],
       [0., 0., 0., 0.],
       [0., 0., 0., 0.],
       [0., 0., 0., 0.],
       [0., 0., 0., 0.],
       [0., 0., 0., 0.],
       [0., 0., 0., 0.],
       [0., 0., 0., 0.],
       [0., 0., 0., 0.],
       [0., 0., 0., 0.],
       [0., 0., 0., 0.],
       [0., 0., 0., 0.],
       [0., 0., 0., 0.]], dtype=float32)>, 'label': <tf.Tensor: shape=(1,), dtype=int64, numpy=array([0])>}.


	 [[{{node PyFunc}}]] [Op:IteratorGetNext] name: 
  Falling back to CPU for predictions...
⚠ CPU fallback also failed: {{function_node __wrapped__IteratorGetNext_output_types_3_device_/job:localhost/replica:0/task:0/device:CPU:0}} TypeError: `generator` yielded an element that could not be converted to the expected type. The expected type was int64, but the yielded element was {'left_env': <tf.Tensor: shape=(64, 4), dtype=float32, numpy=
array([[0., 0., 0., 0.],
       [0., 0., 0., 0.],
       [0., 0., 0., 0.],
       [0., 0., 0., 0.],
       [0., 0., 0., 0.],
       [0., 0., 0., 0.],
       [0., 0., 0., 0.],
       [0., 0., 0., 0.],
       [0., 0., 0., 0.],
       [0., 0., 0., 0.],
       [0., 0., 0., 0.],
       [0., 0., 0., 0.],
       [0., 0., 0., 0.],
       [0., 0., 0., 0.],
       [0., 0., 0., 0.],
       [0., 0., 0., 0.],
       [0., 0., 0., 0.],
       [0., 0., 0., 0.],
       [0., 0., 0., 0.],
       [0., 0., 0., 0.],
       [0., 0., 0., 0.],
       [0., 0., 0., 0.],
       [0., 0., 0., 0.],
       [0., 0., 0., 0.],
       [0., 0., 0., 0.],
       [0., 0., 0., 0.],
       [0., 0., 0., 0.],
       [0., 0., 0., 0.],
       [0., 0., 0., 0.],
       [0., 0., 0., 0.],
       [0., 0., 0., 0.],
       [0., 0., 0., 0.],
       [0., 0., 0., 0.],
       [0., 0., 0., 0.],
       [0., 0., 0., 0.],
       [0., 0., 0., 0.],
       [0., 0., 0., 0.],
       [0., 0., 0., 0.],
       [0., 0., 0., 0.],
       [0., 0., 0., 0.],
       [0., 0., 0., 0.],
       [0., 0., 0., 0.],
       [0., 0., 0., 0.],
       [0., 0., 0., 0.],
       [0., 0., 0., 0.],
       [0., 0., 0., 0.],
       [0., 0., 0., 0.],
       [0., 0., 0., 0.],
       [0., 0., 0., 0.],
       [0., 0., 0., 0.],
       [0., 0., 0., 0.],
       [0., 0., 0., 0.],
       [0., 0., 0., 0.],
       [0., 0., 0., 0.],
       [0., 0., 0., 0.],
       [0., 0., 0., 0.],
       [0., 0., 0., 0.],
       [0., 0., 0., 0.],
       [0., 0., 0., 0.],
       [0., 0., 0., 0.],
       [0., 0., 0., 0.],
       [0., 0., 0., 0.],
       [0., 0., 0., 0.],
       [0., 0., 0., 0.]], dtype=float32)>, 'right_env': <tf.Tensor: shape=(64, 4), dtype=float32, numpy=
array([[0., 0., 0., 0.],
       [0., 0., 0., 0.],
       [0., 0., 0., 0.],
       [0., 0., 0., 0.],
       [0., 0., 0., 0.],
       [0., 0., 0., 0.],
       [0., 0., 0., 0.],
       [0., 0., 0., 0.],
       [0., 0., 0., 0.],
       [0., 0., 0., 0.],
       [0., 0., 0., 0.],
       [0., 0., 0., 0.],
       [0., 0., 0., 0.],
       [0., 0., 0., 0.],
       [0., 0., 0., 0.],
       [0., 0., 0., 0.],
       [0., 0., 0., 0.],
       [0., 0., 0., 0.],
       [0., 0., 0., 0.],
       [0., 0., 0., 0.],
       [0., 0., 0., 0.],
       [0., 0., 0., 0.],
       [0., 0., 0., 0.],
       [0., 0., 0., 0.],
       [0., 0., 0., 0.],
       [0., 0., 0., 0.],
       [0., 0., 0., 0.],
       [0., 0., 0., 0.],
       [0., 0., 0., 0.],
       [0., 0., 0., 0.],
       [0., 0., 0., 0.],
       [0., 0., 0., 0.],
       [0., 0., 0., 0.],
       [0., 0., 0., 0.],
       [0., 0., 0., 0.],
       [0., 0., 0., 0.],
       [0., 0., 0., 0.],
       [0., 0., 0., 0.],
       [0., 0., 0., 0.],
       [0., 0., 0., 0.],
       [0., 0., 0., 0.],
       [0., 0., 0., 0.],
       [0., 0., 0., 0.],
       [0., 0., 0., 0.],
       [0., 0., 0., 0.],
       [0., 0., 0., 0.],
       [0., 0., 0., 0.],
       [0., 0., 0., 0.],
       [0., 0., 0., 0.],
       [0., 0., 0., 0.],
       [0., 0., 0., 0.],
       [0., 0., 0., 0.],
       [0., 0., 0., 0.],
       [0., 0., 0., 0.],
       [0., 0., 0., 0.],
       [0., 0., 0., 0.],
       [0., 0., 0., 0.],
       [0., 0., 0., 0.],
       [0., 0., 0., 0.],
       [0., 0., 0., 0.],
       [0., 0., 0., 0.],
       [0., 0., 0., 0.],
       [0., 0., 0., 0.],
       [0., 0., 0., 0.]], dtype=float32)>, 'label': <tf.Tensor: shape=(1,), dtype=int64, numpy=array([0])>}.
Traceback (most recent call last):

  File "/home/py9363/.local/lib/python3.9/site-packages/tensorflow/python/data/ops/from_generator_op.py", line 214, in generator_py_func
    script_ops.FuncRegistry._convert(  # pylint: disable=protected-access

  File "/home/py9363/.local/lib/python3.9/site-packages/tensorflow/python/ops/script_ops.py", line 228, in _convert
    result = numpy_compat.np_asarray(value, dtype=dtype, order="C")

  File "/home/py9363/.local/lib/python3.9/site-packages/tensorflow/python/util/numpy_compat.py", line 78, in np_asarray
    return np.asarray(values, order=order, copy=copy).astype(dtype, copy=copy)

TypeError: int() argument must be a string, a bytes-like object or a number, not 'dict'


The above exception was the direct cause of the following exception:


Traceback (most recent call last):

  File "/home/py9363/.local/lib/python3.9/site-packages/tensorflow/python/ops/script_ops.py", line 269, in __call__
    ret = func(*args)

  File "/home/py9363/.local/lib/python3.9/site-packages/tensorflow/python/autograph/impl/api.py", line 643, in wrapper
    return func(*args, **kwargs)

  File "/home/py9363/.local/lib/python3.9/site-packages/tensorflow/python/data/ops/from_generator_op.py", line 218, in generator_py_func
    raise TypeError(

TypeError: `generator` yielded an element that could not be converted to the expected type. The expected type was int64, but the yielded element was {'left_env': <tf.Tensor: shape=(64, 4), dtype=float32, numpy=
array([[0., 0., 0., 0.],
       [0., 0., 0., 0.],
       [0., 0., 0., 0.],
       [0., 0., 0., 0.],
       [0., 0., 0., 0.],
       [0., 0., 0., 0.],
       [0., 0., 0., 0.],
       [0., 0., 0., 0.],
       [0., 0., 0., 0.],
       [0., 0., 0., 0.],
       [0., 0., 0., 0.],
       [0., 0., 0., 0.],
       [0., 0., 0., 0.],
       [0., 0., 0., 0.],
       [0., 0., 0., 0.],
       [0., 0., 0., 0.],
       [0., 0., 0., 0.],
       [0., 0., 0., 0.],
       [0., 0., 0., 0.],
       [0., 0., 0., 0.],
       [0., 0., 0., 0.],
       [0., 0., 0., 0.],
       [0., 0., 0., 0.],
       [0., 0., 0., 0.],
       [0., 0., 0., 0.],
       [0., 0., 0., 0.],
       [0., 0., 0., 0.],
       [0., 0., 0., 0.],
       [0., 0., 0., 0.],
       [0., 0., 0., 0.],
       [0., 0., 0., 0.],
       [0., 0., 0., 0.],
       [0., 0., 0., 0.],
       [0., 0., 0., 0.],
       [0., 0., 0., 0.],
       [0., 0., 0., 0.],
       [0., 0., 0., 0.],
       [0., 0., 0., 0.],
       [0., 0., 0., 0.],
       [0., 0., 0., 0.],
       [0., 0., 0., 0.],
       [0., 0., 0., 0.],
       [0., 0., 0., 0.],
       [0., 0., 0., 0.],
       [0., 0., 0., 0.],
       [0., 0., 0., 0.],
       [0., 0., 0., 0.],
       [0., 0., 0., 0.],
       [0., 0., 0., 0.],
       [0., 0., 0., 0.],
       [0., 0., 0., 0.],
       [0., 0., 0., 0.],
       [0., 0., 0., 0.],
       [0., 0., 0., 0.],
       [0., 0., 0., 0.],
       [0., 0., 0., 0.],
       [0., 0., 0., 0.],
       [0., 0., 0., 0.],
       [0., 0., 0., 0.],
       [0., 0., 0., 0.],
       [0., 0., 0., 0.],
       [0., 0., 0., 0.],
       [0., 0., 0., 0.],
       [0., 0., 0., 0.]], dtype=float32)>, 'right_env': <tf.Tensor: shape=(64, 4), dtype=float32, numpy=
array([[0., 0., 0., 0.],
       [0., 0., 0., 0.],
       [0., 0., 0., 0.],
       [0., 0., 0., 0.],
       [0., 0., 0., 0.],
       [0., 0., 0., 0.],
       [0., 0., 0., 0.],
       [0., 0., 0., 0.],
       [0., 0., 0., 0.],
       [0., 0., 0., 0.],
       [0., 0., 0., 0.],
       [0., 0., 0., 0.],
       [0., 0., 0., 0.],
       [0., 0., 0., 0.],
       [0., 0., 0., 0.],
       [0., 0., 0., 0.],
       [0., 0., 0., 0.],
       [0., 0., 0., 0.],
       [0., 0., 0., 0.],
       [0., 0., 0., 0.],
       [0., 0., 0., 0.],
       [0., 0., 0., 0.],
       [0., 0., 0., 0.],
       [0., 0., 0., 0.],
       [0., 0., 0., 0.],
       [0., 0., 0., 0.],
       [0., 0., 0., 0.],
       [0., 0., 0., 0.],
       [0., 0., 0., 0.],
       [0., 0., 0., 0.],
       [0., 0., 0., 0.],
       [0., 0., 0., 0.],
       [0., 0., 0., 0.],
       [0., 0., 0., 0.],
       [0., 0., 0., 0.],
       [0., 0., 0., 0.],
       [0., 0., 0., 0.],
       [0., 0., 0., 0.],
       [0., 0., 0., 0.],
       [0., 0., 0., 0.],
       [0., 0., 0., 0.],
       [0., 0., 0., 0.],
       [0., 0., 0., 0.],
       [0., 0., 0., 0.],
       [0., 0., 0., 0.],
       [0., 0., 0., 0.],
       [0., 0., 0., 0.],
       [0., 0., 0., 0.],
       [0., 0., 0., 0.],
       [0., 0., 0., 0.],
       [0., 0., 0., 0.],
       [0., 0., 0., 0.],
       [0., 0., 0., 0.],
       [0., 0., 0., 0.],
       [0., 0., 0., 0.],
       [0., 0., 0., 0.],
       [0., 0., 0., 0.],
       [0., 0., 0., 0.],
       [0., 0., 0., 0.],
       [0., 0., 0., 0.],
       [0., 0., 0., 0.],
       [0., 0., 0., 0.],
       [0., 0., 0., 0.],
       [0., 0., 0., 0.]], dtype=float32)>, 'label': <tf.Tensor: shape=(1,), dtype=int64, numpy=array([0])>}.


	 [[{{node PyFunc}}]] [Op:IteratorGetNext] name: 
  Error testing 1.0s window: Both GPU and CPU prediction failed. GPU error: {{function_node __wrapped__IteratorGetNext_output_types_3_device_/job:localhost/replica:0/task:0/device:CPU:0}} TypeError: `generator` yielded an element that could not be converted to the expected type. The expected type was int64, but the yielded element was {'left_env': <tf.Tensor: shape=(64, 4), dtype=float32, numpy=
array([[0., 0., 0., 0.],
       [0., 0., 0., 0.],
       [0., 0., 0., 0.],
       [0., 0., 0., 0.],
       [0., 0., 0., 0.],
       [0., 0., 0., 0.],
       [0., 0., 0., 0.],
       [0., 0., 0., 0.],
       [0., 0., 0., 0.],
       [0., 0., 0., 0.],
       [0., 0., 0., 0.],
       [0., 0., 0., 0.],
       [0., 0., 0., 0.],
       [0., 0., 0., 0.],
       [0., 0., 0., 0.],
       [0., 0., 0., 0.],
       [0., 0., 0., 0.],
       [0., 0., 0., 0.],
       [0., 0., 0., 0.],
       [0., 0., 0., 0.],
       [0., 0., 0., 0.],
       [0., 0., 0., 0.],
       [0., 0., 0., 0.],
       [0., 0., 0., 0.],
       [0., 0., 0., 0.],
       [0., 0., 0., 0.],
       [0., 0., 0., 0.],
       [0., 0., 0., 0.],
       [0., 0., 0., 0.],
       [0., 0., 0., 0.],
       [0., 0., 0., 0.],
       [0., 0., 0., 0.],
       [0., 0., 0., 0.],
       [0., 0., 0., 0.],
       [0., 0., 0., 0.],
       [0., 0., 0., 0.],
       [0., 0., 0., 0.],
       [0., 0., 0., 0.],
       [0., 0., 0., 0.],
       [0., 0., 0., 0.],
       [0., 0., 0., 0.],
       [0., 0., 0., 0.],
       [0., 0., 0., 0.],
       [0., 0., 0., 0.],
       [0., 0., 0., 0.],
       [0., 0., 0., 0.],
       [0., 0., 0., 0.],
       [0., 0., 0., 0.],
       [0., 0., 0., 0.],
       [0., 0., 0., 0.],
       [0., 0., 0., 0.],
       [0., 0., 0., 0.],
       [0., 0., 0., 0.],
       [0., 0., 0., 0.],
       [0., 0., 0., 0.],
       [0., 0., 0., 0.],
       [0., 0., 0., 0.],
       [0., 0., 0., 0.],
       [0., 0., 0., 0.],
       [0., 0., 0., 0.],
       [0., 0., 0., 0.],
       [0., 0., 0., 0.],
       [0., 0., 0., 0.],
       [0., 0., 0., 0.]], dtype=float32)>, 'right_env': <tf.Tensor: shape=(64, 4), dtype=float32, numpy=
array([[0., 0., 0., 0.],
       [0., 0., 0., 0.],
       [0., 0., 0., 0.],
       [0., 0., 0., 0.],
       [0., 0., 0., 0.],
       [0., 0., 0., 0.],
       [0., 0., 0., 0.],
       [0., 0., 0., 0.],
       [0., 0., 0., 0.],
       [0., 0., 0., 0.],
       [0., 0., 0., 0.],
       [0., 0., 0., 0.],
       [0., 0., 0., 0.],
       [0., 0., 0., 0.],
       [0., 0., 0., 0.],
       [0., 0., 0., 0.],
       [0., 0., 0., 0.],
       [0., 0., 0., 0.],
       [0., 0., 0., 0.],
       [0., 0., 0., 0.],
       [0., 0., 0., 0.],
       [0., 0., 0., 0.],
       [0., 0., 0., 0.],
       [0., 0., 0., 0.],
       [0., 0., 0., 0.],
       [0., 0., 0., 0.],
       [0., 0., 0., 0.],
       [0., 0., 0., 0.],
       [0., 0., 0., 0.],
       [0., 0., 0., 0.],
       [0., 0., 0., 0.],
       [0., 0., 0., 0.],
       [0., 0., 0., 0.],
       [0., 0., 0., 0.],
       [0., 0., 0., 0.],
       [0., 0., 0., 0.],
       [0., 0., 0., 0.],
       [0., 0., 0., 0.],
       [0., 0., 0., 0.],
       [0., 0., 0., 0.],
       [0., 0., 0., 0.],
       [0., 0., 0., 0.],
       [0., 0., 0., 0.],
       [0., 0., 0., 0.],
       [0., 0., 0., 0.],
       [0., 0., 0., 0.],
       [0., 0., 0., 0.],
       [0., 0., 0., 0.],
       [0., 0., 0., 0.],
       [0., 0., 0., 0.],
       [0., 0., 0., 0.],
       [0., 0., 0., 0.],
       [0., 0., 0., 0.],
       [0., 0., 0., 0.],
       [0., 0., 0., 0.],
       [0., 0., 0., 0.],
       [0., 0., 0., 0.],
       [0., 0., 0., 0.],
       [0., 0., 0., 0.],
       [0., 0., 0., 0.],
       [0., 0., 0., 0.],
       [0., 0., 0., 0.],
       [0., 0., 0., 0.],
       [0., 0., 0., 0.]], dtype=float32)>, 'label': <tf.Tensor: shape=(1,), dtype=int64, numpy=array([0])>}.
Traceback (most recent call last):

  File "/home/py9363/.local/lib/python3.9/site-packages/tensorflow/python/data/ops/from_generator_op.py", line 214, in generator_py_func
    script_ops.FuncRegistry._convert(  # pylint: disable=protected-access

  File "/home/py9363/.local/lib/python3.9/site-packages/tensorflow/python/ops/script_ops.py", line 228, in _convert
    result = numpy_compat.np_asarray(value, dtype=dtype, order="C")

  File "/home/py9363/.local/lib/python3.9/site-packages/tensorflow/python/util/numpy_compat.py", line 78, in np_asarray
    return np.asarray(values, order=order, copy=copy).astype(dtype, copy=copy)

TypeError: int() argument must be a string, a bytes-like object or a number, not 'dict'


The above exception was the direct cause of the following exception:


Traceback (most recent call last):

  File "/home/py9363/.local/lib/python3.9/site-packages/tensorflow/python/ops/script_ops.py", line 269, in __call__
    ret = func(*args)

  File "/home/py9363/.local/lib/python3.9/site-packages/tensorflow/python/autograph/impl/api.py", line 643, in wrapper
    return func(*args, **kwargs)

  File "/home/py9363/.local/lib/python3.9/site-packages/tensorflow/python/data/ops/from_generator_op.py", line 218, in generator_py_func
    raise TypeError(

TypeError: `generator` yielded an element that could not be converted to the expected type. The expected type was int64, but the yielded element was {'left_env': <tf.Tensor: shape=(64, 4), dtype=float32, numpy=
array([[0., 0., 0., 0.],
       [0., 0., 0., 0.],
       [0., 0., 0., 0.],
       [0., 0., 0., 0.],
       [0., 0., 0., 0.],
       [0., 0., 0., 0.],
       [0., 0., 0., 0.],
       [0., 0., 0., 0.],
       [0., 0., 0., 0.],
       [0., 0., 0., 0.],
       [0., 0., 0., 0.],
       [0., 0., 0., 0.],
       [0., 0., 0., 0.],
       [0., 0., 0., 0.],
       [0., 0., 0., 0.],
       [0., 0., 0., 0.],
       [0., 0., 0., 0.],
       [0., 0., 0., 0.],
       [0., 0., 0., 0.],
       [0., 0., 0., 0.],
       [0., 0., 0., 0.],
       [0., 0., 0., 0.],
       [0., 0., 0., 0.],
       [0., 0., 0., 0.],
       [0., 0., 0., 0.],
       [0., 0., 0., 0.],
       [0., 0., 0., 0.],
       [0., 0., 0., 0.],
       [0., 0., 0., 0.],
       [0., 0., 0., 0.],
       [0., 0., 0., 0.],
       [0., 0., 0., 0.],
       [0., 0., 0., 0.],
       [0., 0., 0., 0.],
       [0., 0., 0., 0.],
       [0., 0., 0., 0.],
       [0., 0., 0., 0.],
       [0., 0., 0., 0.],
       [0., 0., 0., 0.],
       [0., 0., 0., 0.],
       [0., 0., 0., 0.],
       [0., 0., 0., 0.],
       [0., 0., 0., 0.],
       [0., 0., 0., 0.],
       [0., 0., 0., 0.],
       [0., 0., 0., 0.],
       [0., 0., 0., 0.],
       [0., 0., 0., 0.],
       [0., 0., 0., 0.],
       [0., 0., 0., 0.],
       [0., 0., 0., 0.],
       [0., 0., 0., 0.],
       [0., 0., 0., 0.],
       [0., 0., 0., 0.],
       [0., 0., 0., 0.],
       [0., 0., 0., 0.],
       [0., 0., 0., 0.],
       [0., 0., 0., 0.],
       [0., 0., 0., 0.],
       [0., 0., 0., 0.],
       [0., 0., 0., 0.],
       [0., 0., 0., 0.],
       [0., 0., 0., 0.],
       [0., 0., 0., 0.]], dtype=float32)>, 'right_env': <tf.Tensor: shape=(64, 4), dtype=float32, numpy=
array([[0., 0., 0., 0.],
       [0., 0., 0., 0.],
       [0., 0., 0., 0.],
       [0., 0., 0., 0.],
       [0., 0., 0., 0.],
       [0., 0., 0., 0.],
       [0., 0., 0., 0.],
       [0., 0., 0., 0.],
       [0., 0., 0., 0.],
       [0., 0., 0., 0.],
       [0., 0., 0., 0.],
       [0., 0., 0., 0.],
       [0., 0., 0., 0.],
       [0., 0., 0., 0.],
       [0., 0., 0., 0.],
       [0., 0., 0., 0.],
       [0., 0., 0., 0.],
       [0., 0., 0., 0.],
       [0., 0., 0., 0.],
       [0., 0., 0., 0.],
       [0., 0., 0., 0.],
       [0., 0., 0., 0.],
       [0., 0., 0., 0.],
       [0., 0., 0., 0.],
       [0., 0., 0., 0.],
       [0., 0., 0., 0.],
       [0., 0., 0., 0.],
       [0., 0., 0., 0.],
       [0., 0., 0., 0.],
       [0., 0., 0., 0.],
       [0., 0., 0., 0.],
       [0., 0., 0., 0.],
       [0., 0., 0., 0.],
       [0., 0., 0., 0.],
       [0., 0., 0., 0.],
       [0., 0., 0., 0.],
       [0., 0., 0., 0.],
       [0., 0., 0., 0.],
       [0., 0., 0., 0.],
       [0., 0., 0., 0.],
       [0., 0., 0., 0.],
       [0., 0., 0., 0.],
       [0., 0., 0., 0.],
       [0., 0., 0., 0.],
       [0., 0., 0., 0.],
       [0., 0., 0., 0.],
       [0., 0., 0., 0.],
       [0., 0., 0., 0.],
       [0., 0., 0., 0.],
       [0., 0., 0., 0.],
       [0., 0., 0., 0.],
       [0., 0., 0., 0.],
       [0., 0., 0., 0.],
       [0., 0., 0., 0.],
       [0., 0., 0., 0.],
       [0., 0., 0., 0.],
       [0., 0., 0., 0.],
       [0., 0., 0., 0.],
       [0., 0., 0., 0.],
       [0., 0., 0., 0.],
       [0., 0., 0., 0.],
       [0., 0., 0., 0.],
       [0., 0., 0., 0.],
       [0., 0., 0., 0.]], dtype=float32)>, 'label': <tf.Tensor: shape=(1,), dtype=int64, numpy=array([0])>}.


	 [[{{node PyFunc}}]] [Op:IteratorGetNext] name: , CPU error: {{function_node __wrapped__IteratorGetNext_output_types_3_device_/job:localhost/replica:0/task:0/device:CPU:0}} TypeError: `generator` yielded an element that could not be converted to the expected type. The expected type was int64, but the yielded element was {'left_env': <tf.Tensor: shape=(64, 4), dtype=float32, numpy=
array([[0., 0., 0., 0.],
       [0., 0., 0., 0.],
       [0., 0., 0., 0.],
       [0., 0., 0., 0.],
       [0., 0., 0., 0.],
       [0., 0., 0., 0.],
       [0., 0., 0., 0.],
       [0., 0., 0., 0.],
       [0., 0., 0., 0.],
       [0., 0., 0., 0.],
       [0., 0., 0., 0.],
       [0., 0., 0., 0.],
       [0., 0., 0., 0.],
       [0., 0., 0., 0.],
       [0., 0., 0., 0.],
       [0., 0., 0., 0.],
       [0., 0., 0., 0.],
       [0., 0., 0., 0.],
       [0., 0., 0., 0.],
       [0., 0., 0., 0.],
       [0., 0., 0., 0.],
       [0., 0., 0., 0.],
       [0., 0., 0., 0.],
       [0., 0., 0., 0.],
       [0., 0., 0., 0.],
       [0., 0., 0., 0.],
       [0., 0., 0., 0.],
       [0., 0., 0., 0.],
       [0., 0., 0., 0.],
       [0., 0., 0., 0.],
       [0., 0., 0., 0.],
       [0., 0., 0., 0.],
       [0., 0., 0., 0.],
       [0., 0., 0., 0.],
       [0., 0., 0., 0.],
       [0., 0., 0., 0.],
       [0., 0., 0., 0.],
       [0., 0., 0., 0.],
       [0., 0., 0., 0.],
       [0., 0., 0., 0.],
       [0., 0., 0., 0.],
       [0., 0., 0., 0.],
       [0., 0., 0., 0.],
       [0., 0., 0., 0.],
       [0., 0., 0., 0.],
       [0., 0., 0., 0.],
       [0., 0., 0., 0.],
       [0., 0., 0., 0.],
       [0., 0., 0., 0.],
       [0., 0., 0., 0.],
       [0., 0., 0., 0.],
       [0., 0., 0., 0.],
       [0., 0., 0., 0.],
       [0., 0., 0., 0.],
       [0., 0., 0., 0.],
       [0., 0., 0., 0.],
       [0., 0., 0., 0.],
       [0., 0., 0., 0.],
       [0., 0., 0., 0.],
       [0., 0., 0., 0.],
       [0., 0., 0., 0.],
       [0., 0., 0., 0.],
       [0., 0., 0., 0.],
       [0., 0., 0., 0.]], dtype=float32)>, 'right_env': <tf.Tensor: shape=(64, 4), dtype=float32, numpy=
array([[0., 0., 0., 0.],
       [0., 0., 0., 0.],
       [0., 0., 0., 0.],
       [0., 0., 0., 0.],
       [0., 0., 0., 0.],
       [0., 0., 0., 0.],
       [0., 0., 0., 0.],
       [0., 0., 0., 0.],
       [0., 0., 0., 0.],
       [0., 0., 0., 0.],
       [0., 0., 0., 0.],
       [0., 0., 0., 0.],
       [0., 0., 0., 0.],
       [0., 0., 0., 0.],
       [0., 0., 0., 0.],
       [0., 0., 0., 0.],
       [0., 0., 0., 0.],
       [0., 0., 0., 0.],
       [0., 0., 0., 0.],
       [0., 0., 0., 0.],
       [0., 0., 0., 0.],
       [0., 0., 0., 0.],
       [0., 0., 0., 0.],
       [0., 0., 0., 0.],
       [0., 0., 0., 0.],
       [0., 0., 0., 0.],
       [0., 0., 0., 0.],
       [0., 0., 0., 0.],
       [0., 0., 0., 0.],
       [0., 0., 0., 0.],
       [0., 0., 0., 0.],
       [0., 0., 0., 0.],
       [0., 0., 0., 0.],
       [0., 0., 0., 0.],
       [0., 0., 0., 0.],
       [0., 0., 0., 0.],
       [0., 0., 0., 0.],
       [0., 0., 0., 0.],
       [0., 0., 0., 0.],
       [0., 0., 0., 0.],
       [0., 0., 0., 0.],
       [0., 0., 0., 0.],
       [0., 0., 0., 0.],
       [0., 0., 0., 0.],
       [0., 0., 0., 0.],
       [0., 0., 0., 0.],
       [0., 0., 0., 0.],
       [0., 0., 0., 0.],
       [0., 0., 0., 0.],
       [0., 0., 0., 0.],
       [0., 0., 0., 0.],
       [0., 0., 0., 0.],
       [0., 0., 0., 0.],
       [0., 0., 0., 0.],
       [0., 0., 0., 0.],
       [0., 0., 0., 0.],
       [0., 0., 0., 0.],
       [0., 0., 0., 0.],
       [0., 0., 0., 0.],
       [0., 0., 0., 0.],
       [0., 0., 0., 0.],
       [0., 0., 0., 0.],
       [0., 0., 0., 0.],
       [0., 0., 0., 0.]], dtype=float32)>, 'label': <tf.Tensor: shape=(1,), dtype=int64, numpy=array([0])>}.
Traceback (most recent call last):

  File "/home/py9363/.local/lib/python3.9/site-packages/tensorflow/python/data/ops/from_generator_op.py", line 214, in generator_py_func
    script_ops.FuncRegistry._convert(  # pylint: disable=protected-access

  File "/home/py9363/.local/lib/python3.9/site-packages/tensorflow/python/ops/script_ops.py", line 228, in _convert
    result = numpy_compat.np_asarray(value, dtype=dtype, order="C")

  File "/home/py9363/.local/lib/python3.9/site-packages/tensorflow/python/util/numpy_compat.py", line 78, in np_asarray
    return np.asarray(values, order=order, copy=copy).astype(dtype, copy=copy)

TypeError: int() argument must be a string, a bytes-like object or a number, not 'dict'


The above exception was the direct cause of the following exception:


Traceback (most recent call last):

  File "/home/py9363/.local/lib/python3.9/site-packages/tensorflow/python/ops/script_ops.py", line 269, in __call__
    ret = func(*args)

  File "/home/py9363/.local/lib/python3.9/site-packages/tensorflow/python/autograph/impl/api.py", line 643, in wrapper
    return func(*args, **kwargs)

  File "/home/py9363/.local/lib/python3.9/site-packages/tensorflow/python/data/ops/from_generator_op.py", line 218, in generator_py_func
    raise TypeError(

TypeError: `generator` yielded an element that could not be converted to the expected type. The expected type was int64, but the yielded element was {'left_env': <tf.Tensor: shape=(64, 4), dtype=float32, numpy=
array([[0., 0., 0., 0.],
       [0., 0., 0., 0.],
       [0., 0., 0., 0.],
       [0., 0., 0., 0.],
       [0., 0., 0., 0.],
       [0., 0., 0., 0.],
       [0., 0., 0., 0.],
       [0., 0., 0., 0.],
       [0., 0., 0., 0.],
       [0., 0., 0., 0.],
       [0., 0., 0., 0.],
       [0., 0., 0., 0.],
       [0., 0., 0., 0.],
       [0., 0., 0., 0.],
       [0., 0., 0., 0.],
       [0., 0., 0., 0.],
       [0., 0., 0., 0.],
       [0., 0., 0., 0.],
       [0., 0., 0., 0.],
       [0., 0., 0., 0.],
       [0., 0., 0., 0.],
       [0., 0., 0., 0.],
       [0., 0., 0., 0.],
       [0., 0., 0., 0.],
       [0., 0., 0., 0.],
       [0., 0., 0., 0.],
       [0., 0., 0., 0.],
       [0., 0., 0., 0.],
       [0., 0., 0., 0.],
       [0., 0., 0., 0.],
       [0., 0., 0., 0.],
       [0., 0., 0., 0.],
       [0., 0., 0., 0.],
       [0., 0., 0., 0.],
       [0., 0., 0., 0.],
       [0., 0., 0., 0.],
       [0., 0., 0., 0.],
       [0., 0., 0., 0.],
       [0., 0., 0., 0.],
       [0., 0., 0., 0.],
       [0., 0., 0., 0.],
       [0., 0., 0., 0.],
       [0., 0., 0., 0.],
       [0., 0., 0., 0.],
       [0., 0., 0., 0.],
       [0., 0., 0., 0.],
       [0., 0., 0., 0.],
       [0., 0., 0., 0.],
       [0., 0., 0., 0.],
       [0., 0., 0., 0.],
       [0., 0., 0., 0.],
       [0., 0., 0., 0.],
       [0., 0., 0., 0.],
       [0., 0., 0., 0.],
       [0., 0., 0., 0.],
       [0., 0., 0., 0.],
       [0., 0., 0., 0.],
       [0., 0., 0., 0.],
       [0., 0., 0., 0.],
       [0., 0., 0., 0.],
       [0., 0., 0., 0.],
       [0., 0., 0., 0.],
       [0., 0., 0., 0.],
       [0., 0., 0., 0.]], dtype=float32)>, 'right_env': <tf.Tensor: shape=(64, 4), dtype=float32, numpy=
array([[0., 0., 0., 0.],
       [0., 0., 0., 0.],
       [0., 0., 0., 0.],
       [0., 0., 0., 0.],
       [0., 0., 0., 0.],
       [0., 0., 0., 0.],
       [0., 0., 0., 0.],
       [0., 0., 0., 0.],
       [0., 0., 0., 0.],
       [0., 0., 0., 0.],
       [0., 0., 0., 0.],
       [0., 0., 0., 0.],
       [0., 0., 0., 0.],
       [0., 0., 0., 0.],
       [0., 0., 0., 0.],
       [0., 0., 0., 0.],
       [0., 0., 0., 0.],
       [0., 0., 0., 0.],
       [0., 0., 0., 0.],
       [0., 0., 0., 0.],
       [0., 0., 0., 0.],
       [0., 0., 0., 0.],
       [0., 0., 0., 0.],
       [0., 0., 0., 0.],
       [0., 0., 0., 0.],
       [0., 0., 0., 0.],
       [0., 0., 0., 0.],
       [0., 0., 0., 0.],
       [0., 0., 0., 0.],
       [0., 0., 0., 0.],
       [0., 0., 0., 0.],
       [0., 0., 0., 0.],
       [0., 0., 0., 0.],
       [0., 0., 0., 0.],
       [0., 0., 0., 0.],
       [0., 0., 0., 0.],
       [0., 0., 0., 0.],
       [0., 0., 0., 0.],
       [0., 0., 0., 0.],
       [0., 0., 0., 0.],
       [0., 0., 0., 0.],
       [0., 0., 0., 0.],
       [0., 0., 0., 0.],
       [0., 0., 0., 0.],
       [0., 0., 0., 0.],
       [0., 0., 0., 0.],
       [0., 0., 0., 0.],
       [0., 0., 0., 0.],
       [0., 0., 0., 0.],
       [0., 0., 0., 0.],
       [0., 0., 0., 0.],
       [0., 0., 0., 0.],
       [0., 0., 0., 0.],
       [0., 0., 0., 0.],
       [0., 0., 0., 0.],
       [0., 0., 0., 0.],
       [0., 0., 0., 0.],
       [0., 0., 0., 0.],
       [0., 0., 0., 0.],
       [0., 0., 0., 0.],
       [0., 0., 0., 0.],
       [0., 0., 0., 0.],
       [0., 0., 0., 0.],
       [0., 0., 0., 0.]], dtype=float32)>, 'label': <tf.Tensor: shape=(1,), dtype=int64, numpy=array([0])>}.


	 [[{{node PyFunc}}]] [Op:IteratorGetNext] name: 
Testing 2.0s window (128 samples)...
⚠ WARNING: Audio base directory not found, using default: Data/Das/4004271/Stimuli
Loading Fulsang preprocessing validated data from 18 files...
✓ Using validated attention labels with quality control
✓ Using subject-wise organized data (no data leakage)
⚠ Audio loading DISABLED - using dummy audio envelopes (faster loading)
✓ Found TFRecord files in: ['tfrecords', 'tfrecords', 'tfrecords']...
✓ Loaded 3200 samples from subject S5
✓ Loaded 3200 samples from subject S6
✓ Loaded 3200 samples from subject S12
✓ Loaded 3200 samples from subject S16
✓ Loaded 3200 samples from subject S11
✓ Loaded 3200 samples from subject S2
✓ Loaded 3200 samples from subject S4
✓ Loaded 3200 samples from subject S18
✓ Loaded 3200 samples from subject S3
✓ Loaded 3200 samples from subject S9
✓ Loaded 3200 samples from subject S1
✓ Loaded 3200 samples from subject S17
✓ Loaded 3200 samples from subject S10
✓ Loaded 3200 samples from subject S13
✓ Loaded 3200 samples from subject S15
✓ Loaded 3200 samples from subject S7
✓ Loaded 3200 samples from subject S14
✓ Loaded 3200 samples from subject S8

============================================================
Loading Summary:
  Successfully loaded files: 18
  Failed files: 0
  Total records loaded: 57600
  Skipped records: 0
  Shape validation errors: 0
============================================================

Subject-wise statistics:
  S5: 3200 samples, labels [1600 1600]
  S6: 3200 samples, labels [1600 1600]
  S12: 3200 samples, labels [1600 1600]
  S16: 3200 samples, labels [1600 1600]
  S11: 3200 samples, labels [1600 1600]
  S2: 3200 samples, labels [1600 1600]
  S4: 3200 samples, labels [1600 1600]
  S18: 3200 samples, labels [1600 1600]
  S3: 3200 samples, labels [1600 1600]
  S9: 3200 samples, labels [1600 1600]
  S1: 3200 samples, labels [1600 1600]
  S17: 3200 samples, labels [1600 1600]
  S10: 3200 samples, labels [1600 1600]
  S13: 3200 samples, labels [1600 1600]
  S15: 3200 samples, labels [1600 1600]
  S7: 3200 samples, labels [1600 1600]
  S14: 3200 samples, labels [1600 1600]
  S8: 3200 samples, labels [1600 1600]

Final data shapes:
  EEG data: (57600, 66) (samples, channels)
  Audio envelopes: (57600, 4) (samples, features)
  Labels: (57600,) (samples,)
  Expected EEG shape: (n_samples, 64)
  Valid audio envelopes: 0/57600 (0.0%)
  ⚠ WARNING: All audio envelopes are zero! Audio files may not be loading correctly.
    Check audio file paths in TFRecords and audio_base_dir setting.
Creating 899 Fulsang windows:
  Window size: 128 samples (2.0 seconds)
  Step size: 64 samples (1.0 seconds)
  Overlap: 50.0%
  Sampling rate: 64 Hz
✓ Window size appropriate for EEG attention decoding
Created 899 Fulsang windows
Window label distribution: [899]
Loaded 899 Fulsang windows for test mode
Fulsang EEG shape: (57600, 66)
Fulsang Audio envelopes shape: (57600, 4)
Fulsang Label distribution: [28800 28800]
Using Fulsang preprocessing: Yes
Cache size: 1000 windows
Making FULCCA predictions...
⚠ Error during prediction: {{function_node __wrapped__IteratorGetNext_output_types_3_device_/job:localhost/replica:0/task:0/device:CPU:0}} TypeError: `generator` yielded an element that could not be converted to the expected type. The expected type was int64, but the yielded element was {'left_env': <tf.Tensor: shape=(128, 4), dtype=float32, numpy=
array([[0., 0., 0., 0.],
       [0., 0., 0., 0.],
       [0., 0., 0., 0.],
       [0., 0., 0., 0.],
       [0., 0., 0., 0.],
       [0., 0., 0., 0.],
       [0., 0., 0., 0.],
       [0., 0., 0., 0.],
       [0., 0., 0., 0.],
       [0., 0., 0., 0.],
       [0., 0., 0., 0.],
       [0., 0., 0., 0.],
       [0., 0., 0., 0.],
       [0., 0., 0., 0.],
       [0., 0., 0., 0.],
       [0., 0., 0., 0.],
       [0., 0., 0., 0.],
       [0., 0., 0., 0.],
       [0., 0., 0., 0.],
       [0., 0., 0., 0.],
       [0., 0., 0., 0.],
       [0., 0., 0., 0.],
       [0., 0., 0., 0.],
       [0., 0., 0., 0.],
       [0., 0., 0., 0.],
       [0., 0., 0., 0.],
       [0., 0., 0., 0.],
       [0., 0., 0., 0.],
       [0., 0., 0., 0.],
       [0., 0., 0., 0.],
       [0., 0., 0., 0.],
       [0., 0., 0., 0.],
       [0., 0., 0., 0.],
       [0., 0., 0., 0.],
       [0., 0., 0., 0.],
       [0., 0., 0., 0.],
       [0., 0., 0., 0.],
       [0., 0., 0., 0.],
       [0., 0., 0., 0.],
       [0., 0., 0., 0.],
       [0., 0., 0., 0.],
       [0., 0., 0., 0.],
       [0., 0., 0., 0.],
       [0., 0., 0., 0.],
       [0., 0., 0., 0.],
       [0., 0., 0., 0.],
       [0., 0., 0., 0.],
       [0., 0., 0., 0.],
       [0., 0., 0., 0.],
       [0., 0., 0., 0.],
       [0., 0., 0., 0.],
       [0., 0., 0., 0.],
       [0., 0., 0., 0.],
       [0., 0., 0., 0.],
       [0., 0., 0., 0.],
       [0., 0., 0., 0.],
       [0., 0., 0., 0.],
       [0., 0., 0., 0.],
       [0., 0., 0., 0.],
       [0., 0., 0., 0.],
       [0., 0., 0., 0.],
       [0., 0., 0., 0.],
       [0., 0., 0., 0.],
       [0., 0., 0., 0.],
       [0., 0., 0., 0.],
       [0., 0., 0., 0.],
       [0., 0., 0., 0.],
       [0., 0., 0., 0.],
       [0., 0., 0., 0.],
       [0., 0., 0., 0.],
       [0., 0., 0., 0.],
       [0., 0., 0., 0.],
       [0., 0., 0., 0.],
       [0., 0., 0., 0.],
       [0., 0., 0., 0.],
       [0., 0., 0., 0.],
       [0., 0., 0., 0.],
       [0., 0., 0., 0.],
       [0., 0., 0., 0.],
       [0., 0., 0., 0.],
       [0., 0., 0., 0.],
       [0., 0., 0., 0.],
       [0., 0., 0., 0.],
       [0., 0., 0., 0.],
       [0., 0., 0., 0.],
       [0., 0., 0., 0.],
       [0., 0., 0., 0.],
       [0., 0., 0., 0.],
       [0., 0., 0., 0.],
       [0., 0., 0., 0.],
       [0., 0., 0., 0.],
       [0., 0., 0., 0.],
       [0., 0., 0., 0.],
       [0., 0., 0., 0.],
       [0., 0., 0., 0.],
       [0., 0., 0., 0.],
       [0., 0., 0., 0.],
       [0., 0., 0., 0.],
       [0., 0., 0., 0.],
       [0., 0., 0., 0.],
       [0., 0., 0., 0.],
       [0., 0., 0., 0.],
       [0., 0., 0., 0.],
       [0., 0., 0., 0.],
       [0., 0., 0., 0.],
       [0., 0., 0., 0.],
       [0., 0., 0., 0.],
       [0., 0., 0., 0.],
       [0., 0., 0., 0.],
       [0., 0., 0., 0.],
       [0., 0., 0., 0.],
       [0., 0., 0., 0.],
       [0., 0., 0., 0.],
       [0., 0., 0., 0.],
       [0., 0., 0., 0.],
       [0., 0., 0., 0.],
       [0., 0., 0., 0.],
       [0., 0., 0., 0.],
       [0., 0., 0., 0.],
       [0., 0., 0., 0.],
       [0., 0., 0., 0.],
       [0., 0., 0., 0.],
       [0., 0., 0., 0.],
       [0., 0., 0., 0.],
       [0., 0., 0., 0.],
       [0., 0., 0., 0.],
       [0., 0., 0., 0.],
       [0., 0., 0., 0.]], dtype=float32)>, 'right_env': <tf.Tensor: shape=(128, 4), dtype=float32, numpy=
array([[0., 0., 0., 0.],
       [0., 0., 0., 0.],
       [0., 0., 0., 0.],
       [0., 0., 0., 0.],
       [0., 0., 0., 0.],
       [0., 0., 0., 0.],
       [0., 0., 0., 0.],
       [0., 0., 0., 0.],
       [0., 0., 0., 0.],
       [0., 0., 0., 0.],
       [0., 0., 0., 0.],
       [0., 0., 0., 0.],
       [0., 0., 0., 0.],
       [0., 0., 0., 0.],
       [0., 0., 0., 0.],
       [0., 0., 0., 0.],
       [0., 0., 0., 0.],
       [0., 0., 0., 0.],
       [0., 0., 0., 0.],
       [0., 0., 0., 0.],
       [0., 0., 0., 0.],
       [0., 0., 0., 0.],
       [0., 0., 0., 0.],
       [0., 0., 0., 0.],
       [0., 0., 0., 0.],
       [0., 0., 0., 0.],
       [0., 0., 0., 0.],
       [0., 0., 0., 0.],
       [0., 0., 0., 0.],
       [0., 0., 0., 0.],
       [0., 0., 0., 0.],
       [0., 0., 0., 0.],
       [0., 0., 0., 0.],
       [0., 0., 0., 0.],
       [0., 0., 0., 0.],
       [0., 0., 0., 0.],
       [0., 0., 0., 0.],
       [0., 0., 0., 0.],
       [0., 0., 0., 0.],
       [0., 0., 0., 0.],
       [0., 0., 0., 0.],
       [0., 0., 0., 0.],
       [0., 0., 0., 0.],
       [0., 0., 0., 0.],
       [0., 0., 0., 0.],
       [0., 0., 0., 0.],
       [0., 0., 0., 0.],
       [0., 0., 0., 0.],
       [0., 0., 0., 0.],
       [0., 0., 0., 0.],
       [0., 0., 0., 0.],
       [0., 0., 0., 0.],
       [0., 0., 0., 0.],
       [0., 0., 0., 0.],
       [0., 0., 0., 0.],
       [0., 0., 0., 0.],
       [0., 0., 0., 0.],
       [0., 0., 0., 0.],
       [0., 0., 0., 0.],
       [0., 0., 0., 0.],
       [0., 0., 0., 0.],
       [0., 0., 0., 0.],
       [0., 0., 0., 0.],
       [0., 0., 0., 0.],
       [0., 0., 0., 0.],
       [0., 0., 0., 0.],
       [0., 0., 0., 0.],
       [0., 0., 0., 0.],
       [0., 0., 0., 0.],
       [0., 0., 0., 0.],
       [0., 0., 0., 0.],
       [0., 0., 0., 0.],
       [0., 0., 0., 0.],
       [0., 0., 0., 0.],
       [0., 0., 0., 0.],
       [0., 0., 0., 0.],
       [0., 0., 0., 0.],
       [0., 0., 0., 0.],
       [0., 0., 0., 0.],
       [0., 0., 0., 0.],
       [0., 0., 0., 0.],
       [0., 0., 0., 0.],
       [0., 0., 0., 0.],
       [0., 0., 0., 0.],
       [0., 0., 0., 0.],
       [0., 0., 0., 0.],
       [0., 0., 0., 0.],
       [0., 0., 0., 0.],
       [0., 0., 0., 0.],
       [0., 0., 0., 0.],
       [0., 0., 0., 0.],
       [0., 0., 0., 0.],
       [0., 0., 0., 0.],
       [0., 0., 0., 0.],
       [0., 0., 0., 0.],
       [0., 0., 0., 0.],
       [0., 0., 0., 0.],
       [0., 0., 0., 0.],
       [0., 0., 0., 0.],
       [0., 0., 0., 0.],
       [0., 0., 0., 0.],
       [0., 0., 0., 0.],
       [0., 0., 0., 0.],
       [0., 0., 0., 0.],
       [0., 0., 0., 0.],
       [0., 0., 0., 0.],
       [0., 0., 0., 0.],
       [0., 0., 0., 0.],
       [0., 0., 0., 0.],
       [0., 0., 0., 0.],
       [0., 0., 0., 0.],
       [0., 0., 0., 0.],
       [0., 0., 0., 0.],
       [0., 0., 0., 0.],
       [0., 0., 0., 0.],
       [0., 0., 0., 0.],
       [0., 0., 0., 0.],
       [0., 0., 0., 0.],
       [0., 0., 0., 0.],
       [0., 0., 0., 0.],
       [0., 0., 0., 0.],
       [0., 0., 0., 0.],
       [0., 0., 0., 0.],
       [0., 0., 0., 0.],
       [0., 0., 0., 0.],
       [0., 0., 0., 0.],
       [0., 0., 0., 0.],
       [0., 0., 0., 0.]], dtype=float32)>, 'label': <tf.Tensor: shape=(1,), dtype=int64, numpy=array([0])>}.
Traceback (most recent call last):

  File "/home/py9363/.local/lib/python3.9/site-packages/tensorflow/python/data/ops/from_generator_op.py", line 214, in generator_py_func
    script_ops.FuncRegistry._convert(  # pylint: disable=protected-access

  File "/home/py9363/.local/lib/python3.9/site-packages/tensorflow/python/ops/script_ops.py", line 228, in _convert
    result = numpy_compat.np_asarray(value, dtype=dtype, order="C")

  File "/home/py9363/.local/lib/python3.9/site-packages/tensorflow/python/util/numpy_compat.py", line 78, in np_asarray
    return np.asarray(values, order=order, copy=copy).astype(dtype, copy=copy)

TypeError: int() argument must be a string, a bytes-like object or a number, not 'dict'


The above exception was the direct cause of the following exception:


Traceback (most recent call last):

  File "/home/py9363/.local/lib/python3.9/site-packages/tensorflow/python/ops/script_ops.py", line 269, in __call__
    ret = func(*args)

  File "/home/py9363/.local/lib/python3.9/site-packages/tensorflow/python/autograph/impl/api.py", line 643, in wrapper
    return func(*args, **kwargs)

  File "/home/py9363/.local/lib/python3.9/site-packages/tensorflow/python/data/ops/from_generator_op.py", line 218, in generator_py_func
    raise TypeError(

TypeError: `generator` yielded an element that could not be converted to the expected type. The expected type was int64, but the yielded element was {'left_env': <tf.Tensor: shape=(128, 4), dtype=float32, numpy=
array([[0., 0., 0., 0.],
       [0., 0., 0., 0.],
       [0., 0., 0., 0.],
       [0., 0., 0., 0.],
       [0., 0., 0., 0.],
       [0., 0., 0., 0.],
       [0., 0., 0., 0.],
       [0., 0., 0., 0.],
       [0., 0., 0., 0.],
       [0., 0., 0., 0.],
       [0., 0., 0., 0.],
       [0., 0., 0., 0.],
       [0., 0., 0., 0.],
       [0., 0., 0., 0.],
       [0., 0., 0., 0.],
       [0., 0., 0., 0.],
       [0., 0., 0., 0.],
       [0., 0., 0., 0.],
       [0., 0., 0., 0.],
       [0., 0., 0., 0.],
       [0., 0., 0., 0.],
       [0., 0., 0., 0.],
       [0., 0., 0., 0.],
       [0., 0., 0., 0.],
       [0., 0., 0., 0.],
       [0., 0., 0., 0.],
       [0., 0., 0., 0.],
       [0., 0., 0., 0.],
       [0., 0., 0., 0.],
       [0., 0., 0., 0.],
       [0., 0., 0., 0.],
       [0., 0., 0., 0.],
       [0., 0., 0., 0.],
       [0., 0., 0., 0.],
       [0., 0., 0., 0.],
       [0., 0., 0., 0.],
       [0., 0., 0., 0.],
       [0., 0., 0., 0.],
       [0., 0., 0., 0.],
       [0., 0., 0., 0.],
       [0., 0., 0., 0.],
       [0., 0., 0., 0.],
       [0., 0., 0., 0.],
       [0., 0., 0., 0.],
       [0., 0., 0., 0.],
       [0., 0., 0., 0.],
       [0., 0., 0., 0.],
       [0., 0., 0., 0.],
       [0., 0., 0., 0.],
       [0., 0., 0., 0.],
       [0., 0., 0., 0.],
       [0., 0., 0., 0.],
       [0., 0., 0., 0.],
       [0., 0., 0., 0.],
       [0., 0., 0., 0.],
       [0., 0., 0., 0.],
       [0., 0., 0., 0.],
       [0., 0., 0., 0.],
       [0., 0., 0., 0.],
       [0., 0., 0., 0.],
       [0., 0., 0., 0.],
       [0., 0., 0., 0.],
       [0., 0., 0., 0.],
       [0., 0., 0., 0.],
       [0., 0., 0., 0.],
       [0., 0., 0., 0.],
       [0., 0., 0., 0.],
       [0., 0., 0., 0.],
       [0., 0., 0., 0.],
       [0., 0., 0., 0.],
       [0., 0., 0., 0.],
       [0., 0., 0., 0.],
       [0., 0., 0., 0.],
       [0., 0., 0., 0.],
       [0., 0., 0., 0.],
       [0., 0., 0., 0.],
       [0., 0., 0., 0.],
       [0., 0., 0., 0.],
       [0., 0., 0., 0.],
       [0., 0., 0., 0.],
       [0., 0., 0., 0.],
       [0., 0., 0., 0.],
       [0., 0., 0., 0.],
       [0., 0., 0., 0.],
       [0., 0., 0., 0.],
       [0., 0., 0., 0.],
       [0., 0., 0., 0.],
       [0., 0., 0., 0.],
       [0., 0., 0., 0.],
       [0., 0., 0., 0.],
       [0., 0., 0., 0.],
       [0., 0., 0., 0.],
       [0., 0., 0., 0.],
       [0., 0., 0., 0.],
       [0., 0., 0., 0.],
       [0., 0., 0., 0.],
       [0., 0., 0., 0.],
       [0., 0., 0., 0.],
       [0., 0., 0., 0.],
       [0., 0., 0., 0.],
       [0., 0., 0., 0.],
       [0., 0., 0., 0.],
       [0., 0., 0., 0.],
       [0., 0., 0., 0.],
       [0., 0., 0., 0.],
       [0., 0., 0., 0.],
       [0., 0., 0., 0.],
       [0., 0., 0., 0.],
       [0., 0., 0., 0.],
       [0., 0., 0., 0.],
       [0., 0., 0., 0.],
       [0., 0., 0., 0.],
       [0., 0., 0., 0.],
       [0., 0., 0., 0.],
       [0., 0., 0., 0.],
       [0., 0., 0., 0.],
       [0., 0., 0., 0.],
       [0., 0., 0., 0.],
       [0., 0., 0., 0.],
       [0., 0., 0., 0.],
       [0., 0., 0., 0.],
       [0., 0., 0., 0.],
       [0., 0., 0., 0.],
       [0., 0., 0., 0.],
       [0., 0., 0., 0.],
       [0., 0., 0., 0.],
       [0., 0., 0., 0.],
       [0., 0., 0., 0.]], dtype=float32)>, 'right_env': <tf.Tensor: shape=(128, 4), dtype=float32, numpy=
array([[0., 0., 0., 0.],
       [0., 0., 0., 0.],
       [0., 0., 0., 0.],
       [0., 0., 0., 0.],
       [0., 0., 0., 0.],
       [0., 0., 0., 0.],
       [0., 0., 0., 0.],
       [0., 0., 0., 0.],
       [0., 0., 0., 0.],
       [0., 0., 0., 0.],
       [0., 0., 0., 0.],
       [0., 0., 0., 0.],
       [0., 0., 0., 0.],
       [0., 0., 0., 0.],
       [0., 0., 0., 0.],
       [0., 0., 0., 0.],
       [0., 0., 0., 0.],
       [0., 0., 0., 0.],
       [0., 0., 0., 0.],
       [0., 0., 0., 0.],
       [0., 0., 0., 0.],
       [0., 0., 0., 0.],
       [0., 0., 0., 0.],
       [0., 0., 0., 0.],
       [0., 0., 0., 0.],
       [0., 0., 0., 0.],
       [0., 0., 0., 0.],
       [0., 0., 0., 0.],
       [0., 0., 0., 0.],
       [0., 0., 0., 0.],
       [0., 0., 0., 0.],
       [0., 0., 0., 0.],
       [0., 0., 0., 0.],
       [0., 0., 0., 0.],
       [0., 0., 0., 0.],
       [0., 0., 0., 0.],
       [0., 0., 0., 0.],
       [0., 0., 0., 0.],
       [0., 0., 0., 0.],
       [0., 0., 0., 0.],
       [0., 0., 0., 0.],
       [0., 0., 0., 0.],
       [0., 0., 0., 0.],
       [0., 0., 0., 0.],
       [0., 0., 0., 0.],
       [0., 0., 0., 0.],
       [0., 0., 0., 0.],
       [0., 0., 0., 0.],
       [0., 0., 0., 0.],
       [0., 0., 0., 0.],
       [0., 0., 0., 0.],
       [0., 0., 0., 0.],
       [0., 0., 0., 0.],
       [0., 0., 0., 0.],
       [0., 0., 0., 0.],
       [0., 0., 0., 0.],
       [0., 0., 0., 0.],
       [0., 0., 0., 0.],
       [0., 0., 0., 0.],
       [0., 0., 0., 0.],
       [0., 0., 0., 0.],
       [0., 0., 0., 0.],
       [0., 0., 0., 0.],
       [0., 0., 0., 0.],
       [0., 0., 0., 0.],
       [0., 0., 0., 0.],
       [0., 0., 0., 0.],
       [0., 0., 0., 0.],
       [0., 0., 0., 0.],
       [0., 0., 0., 0.],
       [0., 0., 0., 0.],
       [0., 0., 0., 0.],
       [0., 0., 0., 0.],
       [0., 0., 0., 0.],
       [0., 0., 0., 0.],
       [0., 0., 0., 0.],
       [0., 0., 0., 0.],
       [0., 0., 0., 0.],
       [0., 0., 0., 0.],
       [0., 0., 0., 0.],
       [0., 0., 0., 0.],
       [0., 0., 0., 0.],
       [0., 0., 0., 0.],
       [0., 0., 0., 0.],
       [0., 0., 0., 0.],
       [0., 0., 0., 0.],
       [0., 0., 0., 0.],
       [0., 0., 0., 0.],
       [0., 0., 0., 0.],
       [0., 0., 0., 0.],
       [0., 0., 0., 0.],
       [0., 0., 0., 0.],
       [0., 0., 0., 0.],
       [0., 0., 0., 0.],
       [0., 0., 0., 0.],
       [0., 0., 0., 0.],
       [0., 0., 0., 0.],
       [0., 0., 0., 0.],
       [0., 0., 0., 0.],
       [0., 0., 0., 0.],
       [0., 0., 0., 0.],
       [0., 0., 0., 0.],
       [0., 0., 0., 0.],
       [0., 0., 0., 0.],
       [0., 0., 0., 0.],
       [0., 0., 0., 0.],
       [0., 0., 0., 0.],
       [0., 0., 0., 0.],
       [0., 0., 0., 0.],
       [0., 0., 0., 0.],
       [0., 0., 0., 0.],
       [0., 0., 0., 0.],
       [0., 0., 0., 0.],
       [0., 0., 0., 0.],
       [0., 0., 0., 0.],
       [0., 0., 0., 0.],
       [0., 0., 0., 0.],
       [0., 0., 0., 0.],
       [0., 0., 0., 0.],
       [0., 0., 0., 0.],
       [0., 0., 0., 0.],
       [0., 0., 0., 0.],
       [0., 0., 0., 0.],
       [0., 0., 0., 0.],
       [0., 0., 0., 0.],
       [0., 0., 0., 0.],
       [0., 0., 0., 0.],
       [0., 0., 0., 0.]], dtype=float32)>, 'label': <tf.Tensor: shape=(1,), dtype=int64, numpy=array([0])>}.


	 [[{{node PyFunc}}]] [Op:IteratorGetNext] name: 
  Falling back to CPU for predictions...
⚠ CPU fallback also failed: {{function_node __wrapped__IteratorGetNext_output_types_3_device_/job:localhost/replica:0/task:0/device:CPU:0}} TypeError: `generator` yielded an element that could not be converted to the expected type. The expected type was int64, but the yielded element was {'left_env': <tf.Tensor: shape=(128, 4), dtype=float32, numpy=
array([[0., 0., 0., 0.],
       [0., 0., 0., 0.],
       [0., 0., 0., 0.],
       [0., 0., 0., 0.],
       [0., 0., 0., 0.],
       [0., 0., 0., 0.],
       [0., 0., 0., 0.],
       [0., 0., 0., 0.],
       [0., 0., 0., 0.],
       [0., 0., 0., 0.],
       [0., 0., 0., 0.],
       [0., 0., 0., 0.],
       [0., 0., 0., 0.],
       [0., 0., 0., 0.],
       [0., 0., 0., 0.],
       [0., 0., 0., 0.],
       [0., 0., 0., 0.],
       [0., 0., 0., 0.],
       [0., 0., 0., 0.],
       [0., 0., 0., 0.],
       [0., 0., 0., 0.],
       [0., 0., 0., 0.],
       [0., 0., 0., 0.],
       [0., 0., 0., 0.],
       [0., 0., 0., 0.],
       [0., 0., 0., 0.],
       [0., 0., 0., 0.],
       [0., 0., 0., 0.],
       [0., 0., 0., 0.],
       [0., 0., 0., 0.],
       [0., 0., 0., 0.],
       [0., 0., 0., 0.],
       [0., 0., 0., 0.],
       [0., 0., 0., 0.],
       [0., 0., 0., 0.],
       [0., 0., 0., 0.],
       [0., 0., 0., 0.],
       [0., 0., 0., 0.],
       [0., 0., 0., 0.],
       [0., 0., 0., 0.],
       [0., 0., 0., 0.],
       [0., 0., 0., 0.],
       [0., 0., 0., 0.],
       [0., 0., 0., 0.],
       [0., 0., 0., 0.],
       [0., 0., 0., 0.],
       [0., 0., 0., 0.],
       [0., 0., 0., 0.],
       [0., 0., 0., 0.],
       [0., 0., 0., 0.],
       [0., 0., 0., 0.],
       [0., 0., 0., 0.],
       [0., 0., 0., 0.],
       [0., 0., 0., 0.],
       [0., 0., 0., 0.],
       [0., 0., 0., 0.],
       [0., 0., 0., 0.],
       [0., 0., 0., 0.],
       [0., 0., 0., 0.],
       [0., 0., 0., 0.],
       [0., 0., 0., 0.],
       [0., 0., 0., 0.],
       [0., 0., 0., 0.],
       [0., 0., 0., 0.],
       [0., 0., 0., 0.],
       [0., 0., 0., 0.],
       [0., 0., 0., 0.],
       [0., 0., 0., 0.],
       [0., 0., 0., 0.],
       [0., 0., 0., 0.],
       [0., 0., 0., 0.],
       [0., 0., 0., 0.],
       [0., 0., 0., 0.],
       [0., 0., 0., 0.],
       [0., 0., 0., 0.],
       [0., 0., 0., 0.],
       [0., 0., 0., 0.],
       [0., 0., 0., 0.],
       [0., 0., 0., 0.],
       [0., 0., 0., 0.],
       [0., 0., 0., 0.],
       [0., 0., 0., 0.],
       [0., 0., 0., 0.],
       [0., 0., 0., 0.],
       [0., 0., 0., 0.],
       [0., 0., 0., 0.],
       [0., 0., 0., 0.],
       [0., 0., 0., 0.],
       [0., 0., 0., 0.],
       [0., 0., 0., 0.],
       [0., 0., 0., 0.],
       [0., 0., 0., 0.],
       [0., 0., 0., 0.],
       [0., 0., 0., 0.],
       [0., 0., 0., 0.],
       [0., 0., 0., 0.],
       [0., 0., 0., 0.],
       [0., 0., 0., 0.],
       [0., 0., 0., 0.],
       [0., 0., 0., 0.],
       [0., 0., 0., 0.],
       [0., 0., 0., 0.],
       [0., 0., 0., 0.],
       [0., 0., 0., 0.],
       [0., 0., 0., 0.],
       [0., 0., 0., 0.],
       [0., 0., 0., 0.],
       [0., 0., 0., 0.],
       [0., 0., 0., 0.],
       [0., 0., 0., 0.],
       [0., 0., 0., 0.],
       [0., 0., 0., 0.],
       [0., 0., 0., 0.],
       [0., 0., 0., 0.],
       [0., 0., 0., 0.],
       [0., 0., 0., 0.],
       [0., 0., 0., 0.],
       [0., 0., 0., 0.],
       [0., 0., 0., 0.],
       [0., 0., 0., 0.],
       [0., 0., 0., 0.],
       [0., 0., 0., 0.],
       [0., 0., 0., 0.],
       [0., 0., 0., 0.],
       [0., 0., 0., 0.],
       [0., 0., 0., 0.],
       [0., 0., 0., 0.],
       [0., 0., 0., 0.]], dtype=float32)>, 'right_env': <tf.Tensor: shape=(128, 4), dtype=float32, numpy=
array([[0., 0., 0., 0.],
       [0., 0., 0., 0.],
       [0., 0., 0., 0.],
       [0., 0., 0., 0.],
       [0., 0., 0., 0.],
       [0., 0., 0., 0.],
       [0., 0., 0., 0.],
       [0., 0., 0., 0.],
       [0., 0., 0., 0.],
       [0., 0., 0., 0.],
       [0., 0., 0., 0.],
       [0., 0., 0., 0.],
       [0., 0., 0., 0.],
       [0., 0., 0., 0.],
       [0., 0., 0., 0.],
       [0., 0., 0., 0.],
       [0., 0., 0., 0.],
       [0., 0., 0., 0.],
       [0., 0., 0., 0.],
       [0., 0., 0., 0.],
       [0., 0., 0., 0.],
       [0., 0., 0., 0.],
       [0., 0., 0., 0.],
       [0., 0., 0., 0.],
       [0., 0., 0., 0.],
       [0., 0., 0., 0.],
       [0., 0., 0., 0.],
       [0., 0., 0., 0.],
       [0., 0., 0., 0.],
       [0., 0., 0., 0.],
       [0., 0., 0., 0.],
       [0., 0., 0., 0.],
       [0., 0., 0., 0.],
       [0., 0., 0., 0.],
       [0., 0., 0., 0.],
       [0., 0., 0., 0.],
       [0., 0., 0., 0.],
       [0., 0., 0., 0.],
       [0., 0., 0., 0.],
       [0., 0., 0., 0.],
       [0., 0., 0., 0.],
       [0., 0., 0., 0.],
       [0., 0., 0., 0.],
       [0., 0., 0., 0.],
       [0., 0., 0., 0.],
       [0., 0., 0., 0.],
       [0., 0., 0., 0.],
       [0., 0., 0., 0.],
       [0., 0., 0., 0.],
       [0., 0., 0., 0.],
       [0., 0., 0., 0.],
       [0., 0., 0., 0.],
       [0., 0., 0., 0.],
       [0., 0., 0., 0.],
       [0., 0., 0., 0.],
       [0., 0., 0., 0.],
       [0., 0., 0., 0.],
       [0., 0., 0., 0.],
       [0., 0., 0., 0.],
       [0., 0., 0., 0.],
       [0., 0., 0., 0.],
       [0., 0., 0., 0.],
       [0., 0., 0., 0.],
       [0., 0., 0., 0.],
       [0., 0., 0., 0.],
       [0., 0., 0., 0.],
       [0., 0., 0., 0.],
       [0., 0., 0., 0.],
       [0., 0., 0., 0.],
       [0., 0., 0., 0.],
       [0., 0., 0., 0.],
       [0., 0., 0., 0.],
       [0., 0., 0., 0.],
       [0., 0., 0., 0.],
       [0., 0., 0., 0.],
       [0., 0., 0., 0.],
       [0., 0., 0., 0.],
       [0., 0., 0., 0.],
       [0., 0., 0., 0.],
       [0., 0., 0., 0.],
       [0., 0., 0., 0.],
       [0., 0., 0., 0.],
       [0., 0., 0., 0.],
       [0., 0., 0., 0.],
       [0., 0., 0., 0.],
       [0., 0., 0., 0.],
       [0., 0., 0., 0.],
       [0., 0., 0., 0.],
       [0., 0., 0., 0.],
       [0., 0., 0., 0.],
       [0., 0., 0., 0.],
       [0., 0., 0., 0.],
       [0., 0., 0., 0.],
       [0., 0., 0., 0.],
       [0., 0., 0., 0.],
       [0., 0., 0., 0.],
       [0., 0., 0., 0.],
       [0., 0., 0., 0.],
       [0., 0., 0., 0.],
       [0., 0., 0., 0.],
       [0., 0., 0., 0.],
       [0., 0., 0., 0.],
       [0., 0., 0., 0.],
       [0., 0., 0., 0.],
       [0., 0., 0., 0.],
       [0., 0., 0., 0.],
       [0., 0., 0., 0.],
       [0., 0., 0., 0.],
       [0., 0., 0., 0.],
       [0., 0., 0., 0.],
       [0., 0., 0., 0.],
       [0., 0., 0., 0.],
       [0., 0., 0., 0.],
       [0., 0., 0., 0.],
       [0., 0., 0., 0.],
       [0., 0., 0., 0.],
       [0., 0., 0., 0.],
       [0., 0., 0., 0.],
       [0., 0., 0., 0.],
       [0., 0., 0., 0.],
       [0., 0., 0., 0.],
       [0., 0., 0., 0.],
       [0., 0., 0., 0.],
       [0., 0., 0., 0.],
       [0., 0., 0., 0.],
       [0., 0., 0., 0.],
       [0., 0., 0., 0.],
       [0., 0., 0., 0.]], dtype=float32)>, 'label': <tf.Tensor: shape=(1,), dtype=int64, numpy=array([0])>}.
Traceback (most recent call last):

  File "/home/py9363/.local/lib/python3.9/site-packages/tensorflow/python/data/ops/from_generator_op.py", line 214, in generator_py_func
    script_ops.FuncRegistry._convert(  # pylint: disable=protected-access

  File "/home/py9363/.local/lib/python3.9/site-packages/tensorflow/python/ops/script_ops.py", line 228, in _convert
    result = numpy_compat.np_asarray(value, dtype=dtype, order="C")

  File "/home/py9363/.local/lib/python3.9/site-packages/tensorflow/python/util/numpy_compat.py", line 78, in np_asarray
    return np.asarray(values, order=order, copy=copy).astype(dtype, copy=copy)

TypeError: int() argument must be a string, a bytes-like object or a number, not 'dict'


The above exception was the direct cause of the following exception:


Traceback (most recent call last):

  File "/home/py9363/.local/lib/python3.9/site-packages/tensorflow/python/ops/script_ops.py", line 269, in __call__
    ret = func(*args)

  File "/home/py9363/.local/lib/python3.9/site-packages/tensorflow/python/autograph/impl/api.py", line 643, in wrapper
    return func(*args, **kwargs)

  File "/home/py9363/.local/lib/python3.9/site-packages/tensorflow/python/data/ops/from_generator_op.py", line 218, in generator_py_func
    raise TypeError(

TypeError: `generator` yielded an element that could not be converted to the expected type. The expected type was int64, but the yielded element was {'left_env': <tf.Tensor: shape=(128, 4), dtype=float32, numpy=
array([[0., 0., 0., 0.],
       [0., 0., 0., 0.],
       [0., 0., 0., 0.],
       [0., 0., 0., 0.],
       [0., 0., 0., 0.],
       [0., 0., 0., 0.],
       [0., 0., 0., 0.],
       [0., 0., 0., 0.],
       [0., 0., 0., 0.],
       [0., 0., 0., 0.],
       [0., 0., 0., 0.],
       [0., 0., 0., 0.],
       [0., 0., 0., 0.],
       [0., 0., 0., 0.],
       [0., 0., 0., 0.],
       [0., 0., 0., 0.],
       [0., 0., 0., 0.],
       [0., 0., 0., 0.],
       [0., 0., 0., 0.],
       [0., 0., 0., 0.],
       [0., 0., 0., 0.],
       [0., 0., 0., 0.],
       [0., 0., 0., 0.],
       [0., 0., 0., 0.],
       [0., 0., 0., 0.],
       [0., 0., 0., 0.],
       [0., 0., 0., 0.],
       [0., 0., 0., 0.],
       [0., 0., 0., 0.],
       [0., 0., 0., 0.],
       [0., 0., 0., 0.],
       [0., 0., 0., 0.],
       [0., 0., 0., 0.],
       [0., 0., 0., 0.],
       [0., 0., 0., 0.],
       [0., 0., 0., 0.],
       [0., 0., 0., 0.],
       [0., 0., 0., 0.],
       [0., 0., 0., 0.],
       [0., 0., 0., 0.],
       [0., 0., 0., 0.],
       [0., 0., 0., 0.],
       [0., 0., 0., 0.],
       [0., 0., 0., 0.],
       [0., 0., 0., 0.],
       [0., 0., 0., 0.],
       [0., 0., 0., 0.],
       [0., 0., 0., 0.],
       [0., 0., 0., 0.],
       [0., 0., 0., 0.],
       [0., 0., 0., 0.],
       [0., 0., 0., 0.],
       [0., 0., 0., 0.],
       [0., 0., 0., 0.],
       [0., 0., 0., 0.],
       [0., 0., 0., 0.],
       [0., 0., 0., 0.],
       [0., 0., 0., 0.],
       [0., 0., 0., 0.],
       [0., 0., 0., 0.],
       [0., 0., 0., 0.],
       [0., 0., 0., 0.],
       [0., 0., 0., 0.],
       [0., 0., 0., 0.],
       [0., 0., 0., 0.],
       [0., 0., 0., 0.],
       [0., 0., 0., 0.],
       [0., 0., 0., 0.],
       [0., 0., 0., 0.],
       [0., 0., 0., 0.],
       [0., 0., 0., 0.],
       [0., 0., 0., 0.],
       [0., 0., 0., 0.],
       [0., 0., 0., 0.],
       [0., 0., 0., 0.],
       [0., 0., 0., 0.],
       [0., 0., 0., 0.],
       [0., 0., 0., 0.],
       [0., 0., 0., 0.],
       [0., 0., 0., 0.],
       [0., 0., 0., 0.],
       [0., 0., 0., 0.],
       [0., 0., 0., 0.],
       [0., 0., 0., 0.],
       [0., 0., 0., 0.],
       [0., 0., 0., 0.],
       [0., 0., 0., 0.],
       [0., 0., 0., 0.],
       [0., 0., 0., 0.],
       [0., 0., 0., 0.],
       [0., 0., 0., 0.],
       [0., 0., 0., 0.],
       [0., 0., 0., 0.],
       [0., 0., 0., 0.],
       [0., 0., 0., 0.],
       [0., 0., 0., 0.],
       [0., 0., 0., 0.],
       [0., 0., 0., 0.],
       [0., 0., 0., 0.],
       [0., 0., 0., 0.],
       [0., 0., 0., 0.],
       [0., 0., 0., 0.],
       [0., 0., 0., 0.],
       [0., 0., 0., 0.],
       [0., 0., 0., 0.],
       [0., 0., 0., 0.],
       [0., 0., 0., 0.],
       [0., 0., 0., 0.],
       [0., 0., 0., 0.],
       [0., 0., 0., 0.],
       [0., 0., 0., 0.],
       [0., 0., 0., 0.],
       [0., 0., 0., 0.],
       [0., 0., 0., 0.],
       [0., 0., 0., 0.],
       [0., 0., 0., 0.],
       [0., 0., 0., 0.],
       [0., 0., 0., 0.],
       [0., 0., 0., 0.],
       [0., 0., 0., 0.],
       [0., 0., 0., 0.],
       [0., 0., 0., 0.],
       [0., 0., 0., 0.],
       [0., 0., 0., 0.],
       [0., 0., 0., 0.],
       [0., 0., 0., 0.],
       [0., 0., 0., 0.],
       [0., 0., 0., 0.]], dtype=float32)>, 'right_env': <tf.Tensor: shape=(128, 4), dtype=float32, numpy=
array([[0., 0., 0., 0.],
       [0., 0., 0., 0.],
       [0., 0., 0., 0.],
       [0., 0., 0., 0.],
       [0., 0., 0., 0.],
       [0., 0., 0., 0.],
       [0., 0., 0., 0.],
       [0., 0., 0., 0.],
       [0., 0., 0., 0.],
       [0., 0., 0., 0.],
       [0., 0., 0., 0.],
       [0., 0., 0., 0.],
       [0., 0., 0., 0.],
       [0., 0., 0., 0.],
       [0., 0., 0., 0.],
       [0., 0., 0., 0.],
       [0., 0., 0., 0.],
       [0., 0., 0., 0.],
       [0., 0., 0., 0.],
       [0., 0., 0., 0.],
       [0., 0., 0., 0.],
       [0., 0., 0., 0.],
       [0., 0., 0., 0.],
       [0., 0., 0., 0.],
       [0., 0., 0., 0.],
       [0., 0., 0., 0.],
       [0., 0., 0., 0.],
       [0., 0., 0., 0.],
       [0., 0., 0., 0.],
       [0., 0., 0., 0.],
       [0., 0., 0., 0.],
       [0., 0., 0., 0.],
       [0., 0., 0., 0.],
       [0., 0., 0., 0.],
       [0., 0., 0., 0.],
       [0., 0., 0., 0.],
       [0., 0., 0., 0.],
       [0., 0., 0., 0.],
       [0., 0., 0., 0.],
       [0., 0., 0., 0.],
       [0., 0., 0., 0.],
       [0., 0., 0., 0.],
       [0., 0., 0., 0.],
       [0., 0., 0., 0.],
       [0., 0., 0., 0.],
       [0., 0., 0., 0.],
       [0., 0., 0., 0.],
       [0., 0., 0., 0.],
       [0., 0., 0., 0.],
       [0., 0., 0., 0.],
       [0., 0., 0., 0.],
       [0., 0., 0., 0.],
       [0., 0., 0., 0.],
       [0., 0., 0., 0.],
       [0., 0., 0., 0.],
       [0., 0., 0., 0.],
       [0., 0., 0., 0.],
       [0., 0., 0., 0.],
       [0., 0., 0., 0.],
       [0., 0., 0., 0.],
       [0., 0., 0., 0.],
       [0., 0., 0., 0.],
       [0., 0., 0., 0.],
       [0., 0., 0., 0.],
       [0., 0., 0., 0.],
       [0., 0., 0., 0.],
       [0., 0., 0., 0.],
       [0., 0., 0., 0.],
       [0., 0., 0., 0.],
       [0., 0., 0., 0.],
       [0., 0., 0., 0.],
       [0., 0., 0., 0.],
       [0., 0., 0., 0.],
       [0., 0., 0., 0.],
       [0., 0., 0., 0.],
       [0., 0., 0., 0.],
       [0., 0., 0., 0.],
       [0., 0., 0., 0.],
       [0., 0., 0., 0.],
       [0., 0., 0., 0.],
       [0., 0., 0., 0.],
       [0., 0., 0., 0.],
       [0., 0., 0., 0.],
       [0., 0., 0., 0.],
       [0., 0., 0., 0.],
       [0., 0., 0., 0.],
       [0., 0., 0., 0.],
       [0., 0., 0., 0.],
       [0., 0., 0., 0.],
       [0., 0., 0., 0.],
       [0., 0., 0., 0.],
       [0., 0., 0., 0.],
       [0., 0., 0., 0.],
       [0., 0., 0., 0.],
       [0., 0., 0., 0.],
       [0., 0., 0., 0.],
       [0., 0., 0., 0.],
       [0., 0., 0., 0.],
       [0., 0., 0., 0.],
       [0., 0., 0., 0.],
       [0., 0., 0., 0.],
       [0., 0., 0., 0.],
       [0., 0., 0., 0.],
       [0., 0., 0., 0.],
       [0., 0., 0., 0.],
       [0., 0., 0., 0.],
       [0., 0., 0., 0.],
       [0., 0., 0., 0.],
       [0., 0., 0., 0.],
       [0., 0., 0., 0.],
       [0., 0., 0., 0.],
       [0., 0., 0., 0.],
       [0., 0., 0., 0.],
       [0., 0., 0., 0.],
       [0., 0., 0., 0.],
       [0., 0., 0., 0.],
       [0., 0., 0., 0.],
       [0., 0., 0., 0.],
       [0., 0., 0., 0.],
       [0., 0., 0., 0.],
       [0., 0., 0., 0.],
       [0., 0., 0., 0.],
       [0., 0., 0., 0.],
       [0., 0., 0., 0.],
       [0., 0., 0., 0.],
       [0., 0., 0., 0.],
       [0., 0., 0., 0.],
       [0., 0., 0., 0.]], dtype=float32)>, 'label': <tf.Tensor: shape=(1,), dtype=int64, numpy=array([0])>}.


	 [[{{node PyFunc}}]] [Op:IteratorGetNext] name: 
  Error testing 2.0s window: Both GPU and CPU prediction failed. GPU error: {{function_node __wrapped__IteratorGetNext_output_types_3_device_/job:localhost/replica:0/task:0/device:CPU:0}} TypeError: `generator` yielded an element that could not be converted to the expected type. The expected type was int64, but the yielded element was {'left_env': <tf.Tensor: shape=(128, 4), dtype=float32, numpy=
array([[0., 0., 0., 0.],
       [0., 0., 0., 0.],
       [0., 0., 0., 0.],
       [0., 0., 0., 0.],
       [0., 0., 0., 0.],
       [0., 0., 0., 0.],
       [0., 0., 0., 0.],
       [0., 0., 0., 0.],
       [0., 0., 0., 0.],
       [0., 0., 0., 0.],
       [0., 0., 0., 0.],
       [0., 0., 0., 0.],
       [0., 0., 0., 0.],
       [0., 0., 0., 0.],
       [0., 0., 0., 0.],
       [0., 0., 0., 0.],
       [0., 0., 0., 0.],
       [0., 0., 0., 0.],
       [0., 0., 0., 0.],
       [0., 0., 0., 0.],
       [0., 0., 0., 0.],
       [0., 0., 0., 0.],
       [0., 0., 0., 0.],
       [0., 0., 0., 0.],
       [0., 0., 0., 0.],
       [0., 0., 0., 0.],
       [0., 0., 0., 0.],
       [0., 0., 0., 0.],
       [0., 0., 0., 0.],
       [0., 0., 0., 0.],
       [0., 0., 0., 0.],
       [0., 0., 0., 0.],
       [0., 0., 0., 0.],
       [0., 0., 0., 0.],
       [0., 0., 0., 0.],
       [0., 0., 0., 0.],
       [0., 0., 0., 0.],
       [0., 0., 0., 0.],
       [0., 0., 0., 0.],
       [0., 0., 0., 0.],
       [0., 0., 0., 0.],
       [0., 0., 0., 0.],
       [0., 0., 0., 0.],
       [0., 0., 0., 0.],
       [0., 0., 0., 0.],
       [0., 0., 0., 0.],
       [0., 0., 0., 0.],
       [0., 0., 0., 0.],
       [0., 0., 0., 0.],
       [0., 0., 0., 0.],
       [0., 0., 0., 0.],
       [0., 0., 0., 0.],
       [0., 0., 0., 0.],
       [0., 0., 0., 0.],
       [0., 0., 0., 0.],
       [0., 0., 0., 0.],
       [0., 0., 0., 0.],
       [0., 0., 0., 0.],
       [0., 0., 0., 0.],
       [0., 0., 0., 0.],
       [0., 0., 0., 0.],
       [0., 0., 0., 0.],
       [0., 0., 0., 0.],
       [0., 0., 0., 0.],
       [0., 0., 0., 0.],
       [0., 0., 0., 0.],
       [0., 0., 0., 0.],
       [0., 0., 0., 0.],
       [0., 0., 0., 0.],
       [0., 0., 0., 0.],
       [0., 0., 0., 0.],
       [0., 0., 0., 0.],
       [0., 0., 0., 0.],
       [0., 0., 0., 0.],
       [0., 0., 0., 0.],
       [0., 0., 0., 0.],
       [0., 0., 0., 0.],
       [0., 0., 0., 0.],
       [0., 0., 0., 0.],
       [0., 0., 0., 0.],
       [0., 0., 0., 0.],
       [0., 0., 0., 0.],
       [0., 0., 0., 0.],
       [0., 0., 0., 0.],
       [0., 0., 0., 0.],
       [0., 0., 0., 0.],
       [0., 0., 0., 0.],
       [0., 0., 0., 0.],
       [0., 0., 0., 0.],
       [0., 0., 0., 0.],
       [0., 0., 0., 0.],
       [0., 0., 0., 0.],
       [0., 0., 0., 0.],
       [0., 0., 0., 0.],
       [0., 0., 0., 0.],
       [0., 0., 0., 0.],
       [0., 0., 0., 0.],
       [0., 0., 0., 0.],
       [0., 0., 0., 0.],
       [0., 0., 0., 0.],
       [0., 0., 0., 0.],
       [0., 0., 0., 0.],
       [0., 0., 0., 0.],
       [0., 0., 0., 0.],
       [0., 0., 0., 0.],
       [0., 0., 0., 0.],
       [0., 0., 0., 0.],
       [0., 0., 0., 0.],
       [0., 0., 0., 0.],
       [0., 0., 0., 0.],
       [0., 0., 0., 0.],
       [0., 0., 0., 0.],
       [0., 0., 0., 0.],
       [0., 0., 0., 0.],
       [0., 0., 0., 0.],
       [0., 0., 0., 0.],
       [0., 0., 0., 0.],
       [0., 0., 0., 0.],
       [0., 0., 0., 0.],
       [0., 0., 0., 0.],
       [0., 0., 0., 0.],
       [0., 0., 0., 0.],
       [0., 0., 0., 0.],
       [0., 0., 0., 0.],
       [0., 0., 0., 0.],
       [0., 0., 0., 0.],
       [0., 0., 0., 0.],
       [0., 0., 0., 0.]], dtype=float32)>, 'right_env': <tf.Tensor: shape=(128, 4), dtype=float32, numpy=
array([[0., 0., 0., 0.],
       [0., 0., 0., 0.],
       [0., 0., 0., 0.],
       [0., 0., 0., 0.],
       [0., 0., 0., 0.],
       [0., 0., 0., 0.],
       [0., 0., 0., 0.],
       [0., 0., 0., 0.],
       [0., 0., 0., 0.],
       [0., 0., 0., 0.],
       [0., 0., 0., 0.],
       [0., 0., 0., 0.],
       [0., 0., 0., 0.],
       [0., 0., 0., 0.],
       [0., 0., 0., 0.],
       [0., 0., 0., 0.],
       [0., 0., 0., 0.],
       [0., 0., 0., 0.],
       [0., 0., 0., 0.],
       [0., 0., 0., 0.],
       [0., 0., 0., 0.],
       [0., 0., 0., 0.],
       [0., 0., 0., 0.],
       [0., 0., 0., 0.],
       [0., 0., 0., 0.],
       [0., 0., 0., 0.],
       [0., 0., 0., 0.],
       [0., 0., 0., 0.],
       [0., 0., 0., 0.],
       [0., 0., 0., 0.],
       [0., 0., 0., 0.],
       [0., 0., 0., 0.],
       [0., 0., 0., 0.],
       [0., 0., 0., 0.],
       [0., 0., 0., 0.],
       [0., 0., 0., 0.],
       [0., 0., 0., 0.],
       [0., 0., 0., 0.],
       [0., 0., 0., 0.],
       [0., 0., 0., 0.],
       [0., 0., 0., 0.],
       [0., 0., 0., 0.],
       [0., 0., 0., 0.],
       [0., 0., 0., 0.],
       [0., 0., 0., 0.],
       [0., 0., 0., 0.],
       [0., 0., 0., 0.],
       [0., 0., 0., 0.],
       [0., 0., 0., 0.],
       [0., 0., 0., 0.],
       [0., 0., 0., 0.],
       [0., 0., 0., 0.],
       [0., 0., 0., 0.],
       [0., 0., 0., 0.],
       [0., 0., 0., 0.],
       [0., 0., 0., 0.],
       [0., 0., 0., 0.],
       [0., 0., 0., 0.],
       [0., 0., 0., 0.],
       [0., 0., 0., 0.],
       [0., 0., 0., 0.],
       [0., 0., 0., 0.],
       [0., 0., 0., 0.],
       [0., 0., 0., 0.],
       [0., 0., 0., 0.],
       [0., 0., 0., 0.],
       [0., 0., 0., 0.],
       [0., 0., 0., 0.],
       [0., 0., 0., 0.],
       [0., 0., 0., 0.],
       [0., 0., 0., 0.],
       [0., 0., 0., 0.],
       [0., 0., 0., 0.],
       [0., 0., 0., 0.],
       [0., 0., 0., 0.],
       [0., 0., 0., 0.],
       [0., 0., 0., 0.],
       [0., 0., 0., 0.],
       [0., 0., 0., 0.],
       [0., 0., 0., 0.],
       [0., 0., 0., 0.],
       [0., 0., 0., 0.],
       [0., 0., 0., 0.],
       [0., 0., 0., 0.],
       [0., 0., 0., 0.],
       [0., 0., 0., 0.],
       [0., 0., 0., 0.],
       [0., 0., 0., 0.],
       [0., 0., 0., 0.],
       [0., 0., 0., 0.],
       [0., 0., 0., 0.],
       [0., 0., 0., 0.],
       [0., 0., 0., 0.],
       [0., 0., 0., 0.],
       [0., 0., 0., 0.],
       [0., 0., 0., 0.],
       [0., 0., 0., 0.],
       [0., 0., 0., 0.],
       [0., 0., 0., 0.],
       [0., 0., 0., 0.],
       [0., 0., 0., 0.],
       [0., 0., 0., 0.],
       [0., 0., 0., 0.],
       [0., 0., 0., 0.],
       [0., 0., 0., 0.],
       [0., 0., 0., 0.],
       [0., 0., 0., 0.],
       [0., 0., 0., 0.],
       [0., 0., 0., 0.],
       [0., 0., 0., 0.],
       [0., 0., 0., 0.],
       [0., 0., 0., 0.],
       [0., 0., 0., 0.],
       [0., 0., 0., 0.],
       [0., 0., 0., 0.],
       [0., 0., 0., 0.],
       [0., 0., 0., 0.],
       [0., 0., 0., 0.],
       [0., 0., 0., 0.],
       [0., 0., 0., 0.],
       [0., 0., 0., 0.],
       [0., 0., 0., 0.],
       [0., 0., 0., 0.],
       [0., 0., 0., 0.],
       [0., 0., 0., 0.],
       [0., 0., 0., 0.],
       [0., 0., 0., 0.],
       [0., 0., 0., 0.]], dtype=float32)>, 'label': <tf.Tensor: shape=(1,), dtype=int64, numpy=array([0])>}.
Traceback (most recent call last):

  File "/home/py9363/.local/lib/python3.9/site-packages/tensorflow/python/data/ops/from_generator_op.py", line 214, in generator_py_func
    script_ops.FuncRegistry._convert(  # pylint: disable=protected-access

  File "/home/py9363/.local/lib/python3.9/site-packages/tensorflow/python/ops/script_ops.py", line 228, in _convert
    result = numpy_compat.np_asarray(value, dtype=dtype, order="C")

  File "/home/py9363/.local/lib/python3.9/site-packages/tensorflow/python/util/numpy_compat.py", line 78, in np_asarray
    return np.asarray(values, order=order, copy=copy).astype(dtype, copy=copy)

TypeError: int() argument must be a string, a bytes-like object or a number, not 'dict'


The above exception was the direct cause of the following exception:


Traceback (most recent call last):

  File "/home/py9363/.local/lib/python3.9/site-packages/tensorflow/python/ops/script_ops.py", line 269, in __call__
    ret = func(*args)

  File "/home/py9363/.local/lib/python3.9/site-packages/tensorflow/python/autograph/impl/api.py", line 643, in wrapper
    return func(*args, **kwargs)

  File "/home/py9363/.local/lib/python3.9/site-packages/tensorflow/python/data/ops/from_generator_op.py", line 218, in generator_py_func
    raise TypeError(

TypeError: `generator` yielded an element that could not be converted to the expected type. The expected type was int64, but the yielded element was {'left_env': <tf.Tensor: shape=(128, 4), dtype=float32, numpy=
array([[0., 0., 0., 0.],
       [0., 0., 0., 0.],
       [0., 0., 0., 0.],
       [0., 0., 0., 0.],
       [0., 0., 0., 0.],
       [0., 0., 0., 0.],
       [0., 0., 0., 0.],
       [0., 0., 0., 0.],
       [0., 0., 0., 0.],
       [0., 0., 0., 0.],
       [0., 0., 0., 0.],
       [0., 0., 0., 0.],
       [0., 0., 0., 0.],
       [0., 0., 0., 0.],
       [0., 0., 0., 0.],
       [0., 0., 0., 0.],
       [0., 0., 0., 0.],
       [0., 0., 0., 0.],
       [0., 0., 0., 0.],
       [0., 0., 0., 0.],
       [0., 0., 0., 0.],
       [0., 0., 0., 0.],
       [0., 0., 0., 0.],
       [0., 0., 0., 0.],
       [0., 0., 0., 0.],
       [0., 0., 0., 0.],
       [0., 0., 0., 0.],
       [0., 0., 0., 0.],
       [0., 0., 0., 0.],
       [0., 0., 0., 0.],
       [0., 0., 0., 0.],
       [0., 0., 0., 0.],
       [0., 0., 0., 0.],
       [0., 0., 0., 0.],
       [0., 0., 0., 0.],
       [0., 0., 0., 0.],
       [0., 0., 0., 0.],
       [0., 0., 0., 0.],
       [0., 0., 0., 0.],
       [0., 0., 0., 0.],
       [0., 0., 0., 0.],
       [0., 0., 0., 0.],
       [0., 0., 0., 0.],
       [0., 0., 0., 0.],
       [0., 0., 0., 0.],
       [0., 0., 0., 0.],
       [0., 0., 0., 0.],
       [0., 0., 0., 0.],
       [0., 0., 0., 0.],
       [0., 0., 0., 0.],
       [0., 0., 0., 0.],
       [0., 0., 0., 0.],
       [0., 0., 0., 0.],
       [0., 0., 0., 0.],
       [0., 0., 0., 0.],
       [0., 0., 0., 0.],
       [0., 0., 0., 0.],
       [0., 0., 0., 0.],
       [0., 0., 0., 0.],
       [0., 0., 0., 0.],
       [0., 0., 0., 0.],
       [0., 0., 0., 0.],
       [0., 0., 0., 0.],
       [0., 0., 0., 0.],
       [0., 0., 0., 0.],
       [0., 0., 0., 0.],
       [0., 0., 0., 0.],
       [0., 0., 0., 0.],
       [0., 0., 0., 0.],
       [0., 0., 0., 0.],
       [0., 0., 0., 0.],
       [0., 0., 0., 0.],
       [0., 0., 0., 0.],
       [0., 0., 0., 0.],
       [0., 0., 0., 0.],
       [0., 0., 0., 0.],
       [0., 0., 0., 0.],
       [0., 0., 0., 0.],
       [0., 0., 0., 0.],
       [0., 0., 0., 0.],
       [0., 0., 0., 0.],
       [0., 0., 0., 0.],
       [0., 0., 0., 0.],
       [0., 0., 0., 0.],
       [0., 0., 0., 0.],
       [0., 0., 0., 0.],
       [0., 0., 0., 0.],
       [0., 0., 0., 0.],
       [0., 0., 0., 0.],
       [0., 0., 0., 0.],
       [0., 0., 0., 0.],
       [0., 0., 0., 0.],
       [0., 0., 0., 0.],
       [0., 0., 0., 0.],
       [0., 0., 0., 0.],
       [0., 0., 0., 0.],
       [0., 0., 0., 0.],
       [0., 0., 0., 0.],
       [0., 0., 0., 0.],
       [0., 0., 0., 0.],
       [0., 0., 0., 0.],
       [0., 0., 0., 0.],
       [0., 0., 0., 0.],
       [0., 0., 0., 0.],
       [0., 0., 0., 0.],
       [0., 0., 0., 0.],
       [0., 0., 0., 0.],
       [0., 0., 0., 0.],
       [0., 0., 0., 0.],
       [0., 0., 0., 0.],
       [0., 0., 0., 0.],
       [0., 0., 0., 0.],
       [0., 0., 0., 0.],
       [0., 0., 0., 0.],
       [0., 0., 0., 0.],
       [0., 0., 0., 0.],
       [0., 0., 0., 0.],
       [0., 0., 0., 0.],
       [0., 0., 0., 0.],
       [0., 0., 0., 0.],
       [0., 0., 0., 0.],
       [0., 0., 0., 0.],
       [0., 0., 0., 0.],
       [0., 0., 0., 0.],
       [0., 0., 0., 0.],
       [0., 0., 0., 0.],
       [0., 0., 0., 0.],
       [0., 0., 0., 0.]], dtype=float32)>, 'right_env': <tf.Tensor: shape=(128, 4), dtype=float32, numpy=
array([[0., 0., 0., 0.],
       [0., 0., 0., 0.],
       [0., 0., 0., 0.],
       [0., 0., 0., 0.],
       [0., 0., 0., 0.],
       [0., 0., 0., 0.],
       [0., 0., 0., 0.],
       [0., 0., 0., 0.],
       [0., 0., 0., 0.],
       [0., 0., 0., 0.],
       [0., 0., 0., 0.],
       [0., 0., 0., 0.],
       [0., 0., 0., 0.],
       [0., 0., 0., 0.],
       [0., 0., 0., 0.],
       [0., 0., 0., 0.],
       [0., 0., 0., 0.],
       [0., 0., 0., 0.],
       [0., 0., 0., 0.],
       [0., 0., 0., 0.],
       [0., 0., 0., 0.],
       [0., 0., 0., 0.],
       [0., 0., 0., 0.],
       [0., 0., 0., 0.],
       [0., 0., 0., 0.],
       [0., 0., 0., 0.],
       [0., 0., 0., 0.],
       [0., 0., 0., 0.],
       [0., 0., 0., 0.],
       [0., 0., 0., 0.],
       [0., 0., 0., 0.],
       [0., 0., 0., 0.],
       [0., 0., 0., 0.],
       [0., 0., 0., 0.],
       [0., 0., 0., 0.],
       [0., 0., 0., 0.],
       [0., 0., 0., 0.],
       [0., 0., 0., 0.],
       [0., 0., 0., 0.],
       [0., 0., 0., 0.],
       [0., 0., 0., 0.],
       [0., 0., 0., 0.],
       [0., 0., 0., 0.],
       [0., 0., 0., 0.],
       [0., 0., 0., 0.],
       [0., 0., 0., 0.],
       [0., 0., 0., 0.],
       [0., 0., 0., 0.],
       [0., 0., 0., 0.],
       [0., 0., 0., 0.],
       [0., 0., 0., 0.],
       [0., 0., 0., 0.],
       [0., 0., 0., 0.],
       [0., 0., 0., 0.],
       [0., 0., 0., 0.],
       [0., 0., 0., 0.],
       [0., 0., 0., 0.],
       [0., 0., 0., 0.],
       [0., 0., 0., 0.],
       [0., 0., 0., 0.],
       [0., 0., 0., 0.],
       [0., 0., 0., 0.],
       [0., 0., 0., 0.],
       [0., 0., 0., 0.],
       [0., 0., 0., 0.],
       [0., 0., 0., 0.],
       [0., 0., 0., 0.],
       [0., 0., 0., 0.],
       [0., 0., 0., 0.],
       [0., 0., 0., 0.],
       [0., 0., 0., 0.],
       [0., 0., 0., 0.],
       [0., 0., 0., 0.],
       [0., 0., 0., 0.],
       [0., 0., 0., 0.],
       [0., 0., 0., 0.],
       [0., 0., 0., 0.],
       [0., 0., 0., 0.],
       [0., 0., 0., 0.],
       [0., 0., 0., 0.],
       [0., 0., 0., 0.],
       [0., 0., 0., 0.],
       [0., 0., 0., 0.],
       [0., 0., 0., 0.],
       [0., 0., 0., 0.],
       [0., 0., 0., 0.],
       [0., 0., 0., 0.],
       [0., 0., 0., 0.],
       [0., 0., 0., 0.],
       [0., 0., 0., 0.],
       [0., 0., 0., 0.],
       [0., 0., 0., 0.],
       [0., 0., 0., 0.],
       [0., 0., 0., 0.],
       [0., 0., 0., 0.],
       [0., 0., 0., 0.],
       [0., 0., 0., 0.],
       [0., 0., 0., 0.],
       [0., 0., 0., 0.],
       [0., 0., 0., 0.],
       [0., 0., 0., 0.],
       [0., 0., 0., 0.],
       [0., 0., 0., 0.],
       [0., 0., 0., 0.],
       [0., 0., 0., 0.],
       [0., 0., 0., 0.],
       [0., 0., 0., 0.],
       [0., 0., 0., 0.],
       [0., 0., 0., 0.],
       [0., 0., 0., 0.],
       [0., 0., 0., 0.],
       [0., 0., 0., 0.],
       [0., 0., 0., 0.],
       [0., 0., 0., 0.],
       [0., 0., 0., 0.],
       [0., 0., 0., 0.],
       [0., 0., 0., 0.],
       [0., 0., 0., 0.],
       [0., 0., 0., 0.],
       [0., 0., 0., 0.],
       [0., 0., 0., 0.],
       [0., 0., 0., 0.],
       [0., 0., 0., 0.],
       [0., 0., 0., 0.],
       [0., 0., 0., 0.],
       [0., 0., 0., 0.],
       [0., 0., 0., 0.],
       [0., 0., 0., 0.]], dtype=float32)>, 'label': <tf.Tensor: shape=(1,), dtype=int64, numpy=array([0])>}.


	 [[{{node PyFunc}}]] [Op:IteratorGetNext] name: , CPU error: {{function_node __wrapped__IteratorGetNext_output_types_3_device_/job:localhost/replica:0/task:0/device:CPU:0}} TypeError: `generator` yielded an element that could not be converted to the expected type. The expected type was int64, but the yielded element was {'left_env': <tf.Tensor: shape=(128, 4), dtype=float32, numpy=
array([[0., 0., 0., 0.],
       [0., 0., 0., 0.],
       [0., 0., 0., 0.],
       [0., 0., 0., 0.],
       [0., 0., 0., 0.],
       [0., 0., 0., 0.],
       [0., 0., 0., 0.],
       [0., 0., 0., 0.],
       [0., 0., 0., 0.],
       [0., 0., 0., 0.],
       [0., 0., 0., 0.],
       [0., 0., 0., 0.],
       [0., 0., 0., 0.],
       [0., 0., 0., 0.],
       [0., 0., 0., 0.],
       [0., 0., 0., 0.],
       [0., 0., 0., 0.],
       [0., 0., 0., 0.],
       [0., 0., 0., 0.],
       [0., 0., 0., 0.],
       [0., 0., 0., 0.],
       [0., 0., 0., 0.],
       [0., 0., 0., 0.],
       [0., 0., 0., 0.],
       [0., 0., 0., 0.],
       [0., 0., 0., 0.],
       [0., 0., 0., 0.],
       [0., 0., 0., 0.],
       [0., 0., 0., 0.],
       [0., 0., 0., 0.],
       [0., 0., 0., 0.],
       [0., 0., 0., 0.],
       [0., 0., 0., 0.],
       [0., 0., 0., 0.],
       [0., 0., 0., 0.],
       [0., 0., 0., 0.],
       [0., 0., 0., 0.],
       [0., 0., 0., 0.],
       [0., 0., 0., 0.],
       [0., 0., 0., 0.],
       [0., 0., 0., 0.],
       [0., 0., 0., 0.],
       [0., 0., 0., 0.],
       [0., 0., 0., 0.],
       [0., 0., 0., 0.],
       [0., 0., 0., 0.],
       [0., 0., 0., 0.],
       [0., 0., 0., 0.],
       [0., 0., 0., 0.],
       [0., 0., 0., 0.],
       [0., 0., 0., 0.],
       [0., 0., 0., 0.],
       [0., 0., 0., 0.],
       [0., 0., 0., 0.],
       [0., 0., 0., 0.],
       [0., 0., 0., 0.],
       [0., 0., 0., 0.],
       [0., 0., 0., 0.],
       [0., 0., 0., 0.],
       [0., 0., 0., 0.],
       [0., 0., 0., 0.],
       [0., 0., 0., 0.],
       [0., 0., 0., 0.],
       [0., 0., 0., 0.],
       [0., 0., 0., 0.],
       [0., 0., 0., 0.],
       [0., 0., 0., 0.],
       [0., 0., 0., 0.],
       [0., 0., 0., 0.],
       [0., 0., 0., 0.],
       [0., 0., 0., 0.],
       [0., 0., 0., 0.],
       [0., 0., 0., 0.],
       [0., 0., 0., 0.],
       [0., 0., 0., 0.],
       [0., 0., 0., 0.],
       [0., 0., 0., 0.],
       [0., 0., 0., 0.],
       [0., 0., 0., 0.],
       [0., 0., 0., 0.],
       [0., 0., 0., 0.],
       [0., 0., 0., 0.],
       [0., 0., 0., 0.],
       [0., 0., 0., 0.],
       [0., 0., 0., 0.],
       [0., 0., 0., 0.],
       [0., 0., 0., 0.],
       [0., 0., 0., 0.],
       [0., 0., 0., 0.],
       [0., 0., 0., 0.],
       [0., 0., 0., 0.],
       [0., 0., 0., 0.],
       [0., 0., 0., 0.],
       [0., 0., 0., 0.],
       [0., 0., 0., 0.],
       [0., 0., 0., 0.],
       [0., 0., 0., 0.],
       [0., 0., 0., 0.],
       [0., 0., 0., 0.],
       [0., 0., 0., 0.],
       [0., 0., 0., 0.],
       [0., 0., 0., 0.],
       [0., 0., 0., 0.],
       [0., 0., 0., 0.],
       [0., 0., 0., 0.],
       [0., 0., 0., 0.],
       [0., 0., 0., 0.],
       [0., 0., 0., 0.],
       [0., 0., 0., 0.],
       [0., 0., 0., 0.],
       [0., 0., 0., 0.],
       [0., 0., 0., 0.],
       [0., 0., 0., 0.],
       [0., 0., 0., 0.],
       [0., 0., 0., 0.],
       [0., 0., 0., 0.],
       [0., 0., 0., 0.],
       [0., 0., 0., 0.],
       [0., 0., 0., 0.],
       [0., 0., 0., 0.],
       [0., 0., 0., 0.],
       [0., 0., 0., 0.],
       [0., 0., 0., 0.],
       [0., 0., 0., 0.],
       [0., 0., 0., 0.],
       [0., 0., 0., 0.],
       [0., 0., 0., 0.],
       [0., 0., 0., 0.]], dtype=float32)>, 'right_env': <tf.Tensor: shape=(128, 4), dtype=float32, numpy=
array([[0., 0., 0., 0.],
       [0., 0., 0., 0.],
       [0., 0., 0., 0.],
       [0., 0., 0., 0.],
       [0., 0., 0., 0.],
       [0., 0., 0., 0.],
       [0., 0., 0., 0.],
       [0., 0., 0., 0.],
       [0., 0., 0., 0.],
       [0., 0., 0., 0.],
       [0., 0., 0., 0.],
       [0., 0., 0., 0.],
       [0., 0., 0., 0.],
       [0., 0., 0., 0.],
       [0., 0., 0., 0.],
       [0., 0., 0., 0.],
       [0., 0., 0., 0.],
       [0., 0., 0., 0.],
       [0., 0., 0., 0.],
       [0., 0., 0., 0.],
       [0., 0., 0., 0.],
       [0., 0., 0., 0.],
       [0., 0., 0., 0.],
       [0., 0., 0., 0.],
       [0., 0., 0., 0.],
       [0., 0., 0., 0.],
       [0., 0., 0., 0.],
       [0., 0., 0., 0.],
       [0., 0., 0., 0.],
       [0., 0., 0., 0.],
       [0., 0., 0., 0.],
       [0., 0., 0., 0.],
       [0., 0., 0., 0.],
       [0., 0., 0., 0.],
       [0., 0., 0., 0.],
       [0., 0., 0., 0.],
       [0., 0., 0., 0.],
       [0., 0., 0., 0.],
       [0., 0., 0., 0.],
       [0., 0., 0., 0.],
       [0., 0., 0., 0.],
       [0., 0., 0., 0.],
       [0., 0., 0., 0.],
       [0., 0., 0., 0.],
       [0., 0., 0., 0.],
       [0., 0., 0., 0.],
       [0., 0., 0., 0.],
       [0., 0., 0., 0.],
       [0., 0., 0., 0.],
       [0., 0., 0., 0.],
       [0., 0., 0., 0.],
       [0., 0., 0., 0.],
       [0., 0., 0., 0.],
       [0., 0., 0., 0.],
       [0., 0., 0., 0.],
       [0., 0., 0., 0.],
       [0., 0., 0., 0.],
       [0., 0., 0., 0.],
       [0., 0., 0., 0.],
       [0., 0., 0., 0.],
       [0., 0., 0., 0.],
       [0., 0., 0., 0.],
       [0., 0., 0., 0.],
       [0., 0., 0., 0.],
       [0., 0., 0., 0.],
       [0., 0., 0., 0.],
       [0., 0., 0., 0.],
       [0., 0., 0., 0.],
       [0., 0., 0., 0.],
       [0., 0., 0., 0.],
       [0., 0., 0., 0.],
       [0., 0., 0., 0.],
       [0., 0., 0., 0.],
       [0., 0., 0., 0.],
       [0., 0., 0., 0.],
       [0., 0., 0., 0.],
       [0., 0., 0., 0.],
       [0., 0., 0., 0.],
       [0., 0., 0., 0.],
       [0., 0., 0., 0.],
       [0., 0., 0., 0.],
       [0., 0., 0., 0.],
       [0., 0., 0., 0.],
       [0., 0., 0., 0.],
       [0., 0., 0., 0.],
       [0., 0., 0., 0.],
       [0., 0., 0., 0.],
       [0., 0., 0., 0.],
       [0., 0., 0., 0.],
       [0., 0., 0., 0.],
       [0., 0., 0., 0.],
       [0., 0., 0., 0.],
       [0., 0., 0., 0.],
       [0., 0., 0., 0.],
       [0., 0., 0., 0.],
       [0., 0., 0., 0.],
       [0., 0., 0., 0.],
       [0., 0., 0., 0.],
       [0., 0., 0., 0.],
       [0., 0., 0., 0.],
       [0., 0., 0., 0.],
       [0., 0., 0., 0.],
       [0., 0., 0., 0.],
       [0., 0., 0., 0.],
       [0., 0., 0., 0.],
       [0., 0., 0., 0.],
       [0., 0., 0., 0.],
       [0., 0., 0., 0.],
       [0., 0., 0., 0.],
       [0., 0., 0., 0.],
       [0., 0., 0., 0.],
       [0., 0., 0., 0.],
       [0., 0., 0., 0.],
       [0., 0., 0., 0.],
       [0., 0., 0., 0.],
       [0., 0., 0., 0.],
       [0., 0., 0., 0.],
       [0., 0., 0., 0.],
       [0., 0., 0., 0.],
       [0., 0., 0., 0.],
       [0., 0., 0., 0.],
       [0., 0., 0., 0.],
       [0., 0., 0., 0.],
       [0., 0., 0., 0.],
       [0., 0., 0., 0.],
       [0., 0., 0., 0.],
       [0., 0., 0., 0.],
       [0., 0., 0., 0.]], dtype=float32)>, 'label': <tf.Tensor: shape=(1,), dtype=int64, numpy=array([0])>}.
Traceback (most recent call last):

  File "/home/py9363/.local/lib/python3.9/site-packages/tensorflow/python/data/ops/from_generator_op.py", line 214, in generator_py_func
    script_ops.FuncRegistry._convert(  # pylint: disable=protected-access

  File "/home/py9363/.local/lib/python3.9/site-packages/tensorflow/python/ops/script_ops.py", line 228, in _convert
    result = numpy_compat.np_asarray(value, dtype=dtype, order="C")

  File "/home/py9363/.local/lib/python3.9/site-packages/tensorflow/python/util/numpy_compat.py", line 78, in np_asarray
    return np.asarray(values, order=order, copy=copy).astype(dtype, copy=copy)

TypeError: int() argument must be a string, a bytes-like object or a number, not 'dict'


The above exception was the direct cause of the following exception:


Traceback (most recent call last):

  File "/home/py9363/.local/lib/python3.9/site-packages/tensorflow/python/ops/script_ops.py", line 269, in __call__
    ret = func(*args)

  File "/home/py9363/.local/lib/python3.9/site-packages/tensorflow/python/autograph/impl/api.py", line 643, in wrapper
    return func(*args, **kwargs)

  File "/home/py9363/.local/lib/python3.9/site-packages/tensorflow/python/data/ops/from_generator_op.py", line 218, in generator_py_func
    raise TypeError(

TypeError: `generator` yielded an element that could not be converted to the expected type. The expected type was int64, but the yielded element was {'left_env': <tf.Tensor: shape=(128, 4), dtype=float32, numpy=
array([[0., 0., 0., 0.],
       [0., 0., 0., 0.],
       [0., 0., 0., 0.],
       [0., 0., 0., 0.],
       [0., 0., 0., 0.],
       [0., 0., 0., 0.],
       [0., 0., 0., 0.],
       [0., 0., 0., 0.],
       [0., 0., 0., 0.],
       [0., 0., 0., 0.],
       [0., 0., 0., 0.],
       [0., 0., 0., 0.],
       [0., 0., 0., 0.],
       [0., 0., 0., 0.],
       [0., 0., 0., 0.],
       [0., 0., 0., 0.],
       [0., 0., 0., 0.],
       [0., 0., 0., 0.],
       [0., 0., 0., 0.],
       [0., 0., 0., 0.],
       [0., 0., 0., 0.],
       [0., 0., 0., 0.],
       [0., 0., 0., 0.],
       [0., 0., 0., 0.],
       [0., 0., 0., 0.],
       [0., 0., 0., 0.],
       [0., 0., 0., 0.],
       [0., 0., 0., 0.],
       [0., 0., 0., 0.],
       [0., 0., 0., 0.],
       [0., 0., 0., 0.],
       [0., 0., 0., 0.],
       [0., 0., 0., 0.],
       [0., 0., 0., 0.],
       [0., 0., 0., 0.],
       [0., 0., 0., 0.],
       [0., 0., 0., 0.],
       [0., 0., 0., 0.],
       [0., 0., 0., 0.],
       [0., 0., 0., 0.],
       [0., 0., 0., 0.],
       [0., 0., 0., 0.],
       [0., 0., 0., 0.],
       [0., 0., 0., 0.],
       [0., 0., 0., 0.],
       [0., 0., 0., 0.],
       [0., 0., 0., 0.],
       [0., 0., 0., 0.],
       [0., 0., 0., 0.],
       [0., 0., 0., 0.],
       [0., 0., 0., 0.],
       [0., 0., 0., 0.],
       [0., 0., 0., 0.],
       [0., 0., 0., 0.],
       [0., 0., 0., 0.],
       [0., 0., 0., 0.],
       [0., 0., 0., 0.],
       [0., 0., 0., 0.],
       [0., 0., 0., 0.],
       [0., 0., 0., 0.],
       [0., 0., 0., 0.],
       [0., 0., 0., 0.],
       [0., 0., 0., 0.],
       [0., 0., 0., 0.],
       [0., 0., 0., 0.],
       [0., 0., 0., 0.],
       [0., 0., 0., 0.],
       [0., 0., 0., 0.],
       [0., 0., 0., 0.],
       [0., 0., 0., 0.],
       [0., 0., 0., 0.],
       [0., 0., 0., 0.],
       [0., 0., 0., 0.],
       [0., 0., 0., 0.],
       [0., 0., 0., 0.],
       [0., 0., 0., 0.],
       [0., 0., 0., 0.],
       [0., 0., 0., 0.],
       [0., 0., 0., 0.],
       [0., 0., 0., 0.],
       [0., 0., 0., 0.],
       [0., 0., 0., 0.],
       [0., 0., 0., 0.],
       [0., 0., 0., 0.],
       [0., 0., 0., 0.],
       [0., 0., 0., 0.],
       [0., 0., 0., 0.],
       [0., 0., 0., 0.],
       [0., 0., 0., 0.],
       [0., 0., 0., 0.],
       [0., 0., 0., 0.],
       [0., 0., 0., 0.],
       [0., 0., 0., 0.],
       [0., 0., 0., 0.],
       [0., 0., 0., 0.],
       [0., 0., 0., 0.],
       [0., 0., 0., 0.],
       [0., 0., 0., 0.],
       [0., 0., 0., 0.],
       [0., 0., 0., 0.],
       [0., 0., 0., 0.],
       [0., 0., 0., 0.],
       [0., 0., 0., 0.],
       [0., 0., 0., 0.],
       [0., 0., 0., 0.],
       [0., 0., 0., 0.],
       [0., 0., 0., 0.],
       [0., 0., 0., 0.],
       [0., 0., 0., 0.],
       [0., 0., 0., 0.],
       [0., 0., 0., 0.],
       [0., 0., 0., 0.],
       [0., 0., 0., 0.],
       [0., 0., 0., 0.],
       [0., 0., 0., 0.],
       [0., 0., 0., 0.],
       [0., 0., 0., 0.],
       [0., 0., 0., 0.],
       [0., 0., 0., 0.],
       [0., 0., 0., 0.],
       [0., 0., 0., 0.],
       [0., 0., 0., 0.],
       [0., 0., 0., 0.],
       [0., 0., 0., 0.],
       [0., 0., 0., 0.],
       [0., 0., 0., 0.],
       [0., 0., 0., 0.],
       [0., 0., 0., 0.]], dtype=float32)>, 'right_env': <tf.Tensor: shape=(128, 4), dtype=float32, numpy=
array([[0., 0., 0., 0.],
       [0., 0., 0., 0.],
       [0., 0., 0., 0.],
       [0., 0., 0., 0.],
       [0., 0., 0., 0.],
       [0., 0., 0., 0.],
       [0., 0., 0., 0.],
       [0., 0., 0., 0.],
       [0., 0., 0., 0.],
       [0., 0., 0., 0.],
       [0., 0., 0., 0.],
       [0., 0., 0., 0.],
       [0., 0., 0., 0.],
       [0., 0., 0., 0.],
       [0., 0., 0., 0.],
       [0., 0., 0., 0.],
       [0., 0., 0., 0.],
       [0., 0., 0., 0.],
       [0., 0., 0., 0.],
       [0., 0., 0., 0.],
       [0., 0., 0., 0.],
       [0., 0., 0., 0.],
       [0., 0., 0., 0.],
       [0., 0., 0., 0.],
       [0., 0., 0., 0.],
       [0., 0., 0., 0.],
       [0., 0., 0., 0.],
       [0., 0., 0., 0.],
       [0., 0., 0., 0.],
       [0., 0., 0., 0.],
       [0., 0., 0., 0.],
       [0., 0., 0., 0.],
       [0., 0., 0., 0.],
       [0., 0., 0., 0.],
       [0., 0., 0., 0.],
       [0., 0., 0., 0.],
       [0., 0., 0., 0.],
       [0., 0., 0., 0.],
       [0., 0., 0., 0.],
       [0., 0., 0., 0.],
       [0., 0., 0., 0.],
       [0., 0., 0., 0.],
       [0., 0., 0., 0.],
       [0., 0., 0., 0.],
       [0., 0., 0., 0.],
       [0., 0., 0., 0.],
       [0., 0., 0., 0.],
       [0., 0., 0., 0.],
       [0., 0., 0., 0.],
       [0., 0., 0., 0.],
       [0., 0., 0., 0.],
       [0., 0., 0., 0.],
       [0., 0., 0., 0.],
       [0., 0., 0., 0.],
       [0., 0., 0., 0.],
       [0., 0., 0., 0.],
       [0., 0., 0., 0.],
       [0., 0., 0., 0.],
       [0., 0., 0., 0.],
       [0., 0., 0., 0.],
       [0., 0., 0., 0.],
       [0., 0., 0., 0.],
       [0., 0., 0., 0.],
       [0., 0., 0., 0.],
       [0., 0., 0., 0.],
       [0., 0., 0., 0.],
       [0., 0., 0., 0.],
       [0., 0., 0., 0.],
       [0., 0., 0., 0.],
       [0., 0., 0., 0.],
       [0., 0., 0., 0.],
       [0., 0., 0., 0.],
       [0., 0., 0., 0.],
       [0., 0., 0., 0.],
       [0., 0., 0., 0.],
       [0., 0., 0., 0.],
       [0., 0., 0., 0.],
       [0., 0., 0., 0.],
       [0., 0., 0., 0.],
       [0., 0., 0., 0.],
       [0., 0., 0., 0.],
       [0., 0., 0., 0.],
       [0., 0., 0., 0.],
       [0., 0., 0., 0.],
       [0., 0., 0., 0.],
       [0., 0., 0., 0.],
       [0., 0., 0., 0.],
       [0., 0., 0., 0.],
       [0., 0., 0., 0.],
       [0., 0., 0., 0.],
       [0., 0., 0., 0.],
       [0., 0., 0., 0.],
       [0., 0., 0., 0.],
       [0., 0., 0., 0.],
       [0., 0., 0., 0.],
       [0., 0., 0., 0.],
       [0., 0., 0., 0.],
       [0., 0., 0., 0.],
       [0., 0., 0., 0.],
       [0., 0., 0., 0.],
       [0., 0., 0., 0.],
       [0., 0., 0., 0.],
       [0., 0., 0., 0.],
       [0., 0., 0., 0.],
       [0., 0., 0., 0.],
       [0., 0., 0., 0.],
       [0., 0., 0., 0.],
       [0., 0., 0., 0.],
       [0., 0., 0., 0.],
       [0., 0., 0., 0.],
       [0., 0., 0., 0.],
       [0., 0., 0., 0.],
       [0., 0., 0., 0.],
       [0., 0., 0., 0.],
       [0., 0., 0., 0.],
       [0., 0., 0., 0.],
       [0., 0., 0., 0.],
       [0., 0., 0., 0.],
       [0., 0., 0., 0.],
       [0., 0., 0., 0.],
       [0., 0., 0., 0.],
       [0., 0., 0., 0.],
       [0., 0., 0., 0.],
       [0., 0., 0., 0.],
       [0., 0., 0., 0.],
       [0., 0., 0., 0.],
       [0., 0., 0., 0.],
       [0., 0., 0., 0.]], dtype=float32)>, 'label': <tf.Tensor: shape=(1,), dtype=int64, numpy=array([0])>}.


	 [[{{node PyFunc}}]] [Op:IteratorGetNext] name: 
Testing 4.0s window (256 samples)...
⚠ WARNING: Audio base directory not found, using default: Data/Das/4004271/Stimuli
Loading Fulsang preprocessing validated data from 18 files...
✓ Using validated attention labels with quality control
✓ Using subject-wise organized data (no data leakage)
⚠ Audio loading DISABLED - using dummy audio envelopes (faster loading)
✓ Found TFRecord files in: ['tfrecords', 'tfrecords', 'tfrecords']...
✓ Loaded 3200 samples from subject S5
✓ Loaded 3200 samples from subject S6
✓ Loaded 3200 samples from subject S12
✓ Loaded 3200 samples from subject S16
✓ Loaded 3200 samples from subject S11
✓ Loaded 3200 samples from subject S2
✓ Loaded 3200 samples from subject S4
✓ Loaded 3200 samples from subject S18
✓ Loaded 3200 samples from subject S3
✓ Loaded 3200 samples from subject S9
✓ Loaded 3200 samples from subject S1
✓ Loaded 3200 samples from subject S17
✓ Loaded 3200 samples from subject S10
✓ Loaded 3200 samples from subject S13
✓ Loaded 3200 samples from subject S15
✓ Loaded 3200 samples from subject S7
✓ Loaded 3200 samples from subject S14
✓ Loaded 3200 samples from subject S8

============================================================
Loading Summary:
  Successfully loaded files: 18
  Failed files: 0
  Total records loaded: 57600
  Skipped records: 0
  Shape validation errors: 0
============================================================

Subject-wise statistics:
  S5: 3200 samples, labels [1600 1600]
  S6: 3200 samples, labels [1600 1600]
  S12: 3200 samples, labels [1600 1600]
  S16: 3200 samples, labels [1600 1600]
  S11: 3200 samples, labels [1600 1600]
  S2: 3200 samples, labels [1600 1600]
  S4: 3200 samples, labels [1600 1600]
  S18: 3200 samples, labels [1600 1600]
  S3: 3200 samples, labels [1600 1600]
  S9: 3200 samples, labels [1600 1600]
  S1: 3200 samples, labels [1600 1600]
  S17: 3200 samples, labels [1600 1600]
  S10: 3200 samples, labels [1600 1600]
  S13: 3200 samples, labels [1600 1600]
  S15: 3200 samples, labels [1600 1600]
  S7: 3200 samples, labels [1600 1600]
  S14: 3200 samples, labels [1600 1600]
  S8: 3200 samples, labels [1600 1600]

Final data shapes:
  EEG data: (57600, 66) (samples, channels)
  Audio envelopes: (57600, 4) (samples, features)
  Labels: (57600,) (samples,)
  Expected EEG shape: (n_samples, 64)
  Valid audio envelopes: 0/57600 (0.0%)
  ⚠ WARNING: All audio envelopes are zero! Audio files may not be loading correctly.
    Check audio file paths in TFRecords and audio_base_dir setting.
Creating 449 Fulsang windows:
  Window size: 256 samples (4.0 seconds)
  Step size: 128 samples (2.0 seconds)
  Overlap: 50.0%
  Sampling rate: 64 Hz
✓ Window size appropriate for EEG attention decoding
Created 449 Fulsang windows
Window label distribution: [449]
Loaded 449 Fulsang windows for test mode
Fulsang EEG shape: (57600, 66)
Fulsang Audio envelopes shape: (57600, 4)
Fulsang Label distribution: [28800 28800]
Using Fulsang preprocessing: Yes
Cache size: 1000 windows
Making FULCCA predictions...
⚠ Error during prediction: {{function_node __wrapped__IteratorGetNext_output_types_3_device_/job:localhost/replica:0/task:0/device:CPU:0}} TypeError: `generator` yielded an element that could not be converted to the expected type. The expected type was int64, but the yielded element was {'left_env': <tf.Tensor: shape=(256, 4), dtype=float32, numpy=
array([[0., 0., 0., 0.],
       [0., 0., 0., 0.],
       [0., 0., 0., 0.],
       ...,
       [0., 0., 0., 0.],
       [0., 0., 0., 0.],
       [0., 0., 0., 0.]], dtype=float32)>, 'right_env': <tf.Tensor: shape=(256, 4), dtype=float32, numpy=
array([[0., 0., 0., 0.],
       [0., 0., 0., 0.],
       [0., 0., 0., 0.],
       ...,
       [0., 0., 0., 0.],
       [0., 0., 0., 0.],
       [0., 0., 0., 0.]], dtype=float32)>, 'label': <tf.Tensor: shape=(1,), dtype=int64, numpy=array([0])>}.
Traceback (most recent call last):

  File "/home/py9363/.local/lib/python3.9/site-packages/tensorflow/python/data/ops/from_generator_op.py", line 214, in generator_py_func
    script_ops.FuncRegistry._convert(  # pylint: disable=protected-access

  File "/home/py9363/.local/lib/python3.9/site-packages/tensorflow/python/ops/script_ops.py", line 228, in _convert
    result = numpy_compat.np_asarray(value, dtype=dtype, order="C")

  File "/home/py9363/.local/lib/python3.9/site-packages/tensorflow/python/util/numpy_compat.py", line 78, in np_asarray
    return np.asarray(values, order=order, copy=copy).astype(dtype, copy=copy)

TypeError: int() argument must be a string, a bytes-like object or a number, not 'dict'


The above exception was the direct cause of the following exception:


Traceback (most recent call last):

  File "/home/py9363/.local/lib/python3.9/site-packages/tensorflow/python/ops/script_ops.py", line 269, in __call__
    ret = func(*args)

  File "/home/py9363/.local/lib/python3.9/site-packages/tensorflow/python/autograph/impl/api.py", line 643, in wrapper
    return func(*args, **kwargs)

  File "/home/py9363/.local/lib/python3.9/site-packages/tensorflow/python/data/ops/from_generator_op.py", line 218, in generator_py_func
    raise TypeError(

TypeError: `generator` yielded an element that could not be converted to the expected type. The expected type was int64, but the yielded element was {'left_env': <tf.Tensor: shape=(256, 4), dtype=float32, numpy=
array([[0., 0., 0., 0.],
       [0., 0., 0., 0.],
       [0., 0., 0., 0.],
       ...,
       [0., 0., 0., 0.],
       [0., 0., 0., 0.],
       [0., 0., 0., 0.]], dtype=float32)>, 'right_env': <tf.Tensor: shape=(256, 4), dtype=float32, numpy=
array([[0., 0., 0., 0.],
       [0., 0., 0., 0.],
       [0., 0., 0., 0.],
       ...,
       [0., 0., 0., 0.],
       [0., 0., 0., 0.],
       [0., 0., 0., 0.]], dtype=float32)>, 'label': <tf.Tensor: shape=(1,), dtype=int64, numpy=array([0])>}.


	 [[{{node PyFunc}}]] [Op:IteratorGetNext] name: 
  Falling back to CPU for predictions...
⚠ CPU fallback also failed: {{function_node __wrapped__IteratorGetNext_output_types_3_device_/job:localhost/replica:0/task:0/device:CPU:0}} TypeError: `generator` yielded an element that could not be converted to the expected type. The expected type was int64, but the yielded element was {'left_env': <tf.Tensor: shape=(256, 4), dtype=float32, numpy=
array([[0., 0., 0., 0.],
       [0., 0., 0., 0.],
       [0., 0., 0., 0.],
       ...,
       [0., 0., 0., 0.],
       [0., 0., 0., 0.],
       [0., 0., 0., 0.]], dtype=float32)>, 'right_env': <tf.Tensor: shape=(256, 4), dtype=float32, numpy=
array([[0., 0., 0., 0.],
       [0., 0., 0., 0.],
       [0., 0., 0., 0.],
       ...,
       [0., 0., 0., 0.],
       [0., 0., 0., 0.],
       [0., 0., 0., 0.]], dtype=float32)>, 'label': <tf.Tensor: shape=(1,), dtype=int64, numpy=array([0])>}.
Traceback (most recent call last):

  File "/home/py9363/.local/lib/python3.9/site-packages/tensorflow/python/data/ops/from_generator_op.py", line 214, in generator_py_func
    script_ops.FuncRegistry._convert(  # pylint: disable=protected-access

  File "/home/py9363/.local/lib/python3.9/site-packages/tensorflow/python/ops/script_ops.py", line 228, in _convert
    result = numpy_compat.np_asarray(value, dtype=dtype, order="C")

  File "/home/py9363/.local/lib/python3.9/site-packages/tensorflow/python/util/numpy_compat.py", line 78, in np_asarray
    return np.asarray(values, order=order, copy=copy).astype(dtype, copy=copy)

TypeError: int() argument must be a string, a bytes-like object or a number, not 'dict'


The above exception was the direct cause of the following exception:


Traceback (most recent call last):

  File "/home/py9363/.local/lib/python3.9/site-packages/tensorflow/python/ops/script_ops.py", line 269, in __call__
    ret = func(*args)

  File "/home/py9363/.local/lib/python3.9/site-packages/tensorflow/python/autograph/impl/api.py", line 643, in wrapper
    return func(*args, **kwargs)

  File "/home/py9363/.local/lib/python3.9/site-packages/tensorflow/python/data/ops/from_generator_op.py", line 218, in generator_py_func
    raise TypeError(

TypeError: `generator` yielded an element that could not be converted to the expected type. The expected type was int64, but the yielded element was {'left_env': <tf.Tensor: shape=(256, 4), dtype=float32, numpy=
array([[0., 0., 0., 0.],
       [0., 0., 0., 0.],
       [0., 0., 0., 0.],
       ...,
       [0., 0., 0., 0.],
       [0., 0., 0., 0.],
       [0., 0., 0., 0.]], dtype=float32)>, 'right_env': <tf.Tensor: shape=(256, 4), dtype=float32, numpy=
array([[0., 0., 0., 0.],
       [0., 0., 0., 0.],
       [0., 0., 0., 0.],
       ...,
       [0., 0., 0., 0.],
       [0., 0., 0., 0.],
       [0., 0., 0., 0.]], dtype=float32)>, 'label': <tf.Tensor: shape=(1,), dtype=int64, numpy=array([0])>}.


	 [[{{node PyFunc}}]] [Op:IteratorGetNext] name: 
  Error testing 4.0s window: Both GPU and CPU prediction failed. GPU error: {{function_node __wrapped__IteratorGetNext_output_types_3_device_/job:localhost/replica:0/task:0/device:CPU:0}} TypeError: `generator` yielded an element that could not be converted to the expected type. The expected type was int64, but the yielded element was {'left_env': <tf.Tensor: shape=(256, 4), dtype=float32, numpy=
array([[0., 0., 0., 0.],
       [0., 0., 0., 0.],
       [0., 0., 0., 0.],
       ...,
       [0., 0., 0., 0.],
       [0., 0., 0., 0.],
       [0., 0., 0., 0.]], dtype=float32)>, 'right_env': <tf.Tensor: shape=(256, 4), dtype=float32, numpy=
array([[0., 0., 0., 0.],
       [0., 0., 0., 0.],
       [0., 0., 0., 0.],
       ...,
       [0., 0., 0., 0.],
       [0., 0., 0., 0.],
       [0., 0., 0., 0.]], dtype=float32)>, 'label': <tf.Tensor: shape=(1,), dtype=int64, numpy=array([0])>}.
Traceback (most recent call last):

  File "/home/py9363/.local/lib/python3.9/site-packages/tensorflow/python/data/ops/from_generator_op.py", line 214, in generator_py_func
    script_ops.FuncRegistry._convert(  # pylint: disable=protected-access

  File "/home/py9363/.local/lib/python3.9/site-packages/tensorflow/python/ops/script_ops.py", line 228, in _convert
    result = numpy_compat.np_asarray(value, dtype=dtype, order="C")

  File "/home/py9363/.local/lib/python3.9/site-packages/tensorflow/python/util/numpy_compat.py", line 78, in np_asarray
    return np.asarray(values, order=order, copy=copy).astype(dtype, copy=copy)

TypeError: int() argument must be a string, a bytes-like object or a number, not 'dict'


The above exception was the direct cause of the following exception:


Traceback (most recent call last):

  File "/home/py9363/.local/lib/python3.9/site-packages/tensorflow/python/ops/script_ops.py", line 269, in __call__
    ret = func(*args)

  File "/home/py9363/.local/lib/python3.9/site-packages/tensorflow/python/autograph/impl/api.py", line 643, in wrapper
    return func(*args, **kwargs)

  File "/home/py9363/.local/lib/python3.9/site-packages/tensorflow/python/data/ops/from_generator_op.py", line 218, in generator_py_func
    raise TypeError(

TypeError: `generator` yielded an element that could not be converted to the expected type. The expected type was int64, but the yielded element was {'left_env': <tf.Tensor: shape=(256, 4), dtype=float32, numpy=
array([[0., 0., 0., 0.],
       [0., 0., 0., 0.],
       [0., 0., 0., 0.],
       ...,
       [0., 0., 0., 0.],
       [0., 0., 0., 0.],
       [0., 0., 0., 0.]], dtype=float32)>, 'right_env': <tf.Tensor: shape=(256, 4), dtype=float32, numpy=
array([[0., 0., 0., 0.],
       [0., 0., 0., 0.],
       [0., 0., 0., 0.],
       ...,
       [0., 0., 0., 0.],
       [0., 0., 0., 0.],
       [0., 0., 0., 0.]], dtype=float32)>, 'label': <tf.Tensor: shape=(1,), dtype=int64, numpy=array([0])>}.


	 [[{{node PyFunc}}]] [Op:IteratorGetNext] name: , CPU error: {{function_node __wrapped__IteratorGetNext_output_types_3_device_/job:localhost/replica:0/task:0/device:CPU:0}} TypeError: `generator` yielded an element that could not be converted to the expected type. The expected type was int64, but the yielded element was {'left_env': <tf.Tensor: shape=(256, 4), dtype=float32, numpy=
array([[0., 0., 0., 0.],
       [0., 0., 0., 0.],
       [0., 0., 0., 0.],
       ...,
       [0., 0., 0., 0.],
       [0., 0., 0., 0.],
       [0., 0., 0., 0.]], dtype=float32)>, 'right_env': <tf.Tensor: shape=(256, 4), dtype=float32, numpy=
array([[0., 0., 0., 0.],
       [0., 0., 0., 0.],
       [0., 0., 0., 0.],
       ...,
       [0., 0., 0., 0.],
       [0., 0., 0., 0.],
       [0., 0., 0., 0.]], dtype=float32)>, 'label': <tf.Tensor: shape=(1,), dtype=int64, numpy=array([0])>}.
Traceback (most recent call last):

  File "/home/py9363/.local/lib/python3.9/site-packages/tensorflow/python/data/ops/from_generator_op.py", line 214, in generator_py_func
    script_ops.FuncRegistry._convert(  # pylint: disable=protected-access

  File "/home/py9363/.local/lib/python3.9/site-packages/tensorflow/python/ops/script_ops.py", line 228, in _convert
    result = numpy_compat.np_asarray(value, dtype=dtype, order="C")

  File "/home/py9363/.local/lib/python3.9/site-packages/tensorflow/python/util/numpy_compat.py", line 78, in np_asarray
    return np.asarray(values, order=order, copy=copy).astype(dtype, copy=copy)

TypeError: int() argument must be a string, a bytes-like object or a number, not 'dict'


The above exception was the direct cause of the following exception:


Traceback (most recent call last):

  File "/home/py9363/.local/lib/python3.9/site-packages/tensorflow/python/ops/script_ops.py", line 269, in __call__
    ret = func(*args)

  File "/home/py9363/.local/lib/python3.9/site-packages/tensorflow/python/autograph/impl/api.py", line 643, in wrapper
    return func(*args, **kwargs)

  File "/home/py9363/.local/lib/python3.9/site-packages/tensorflow/python/data/ops/from_generator_op.py", line 218, in generator_py_func
    raise TypeError(

TypeError: `generator` yielded an element that could not be converted to the expected type. The expected type was int64, but the yielded element was {'left_env': <tf.Tensor: shape=(256, 4), dtype=float32, numpy=
array([[0., 0., 0., 0.],
       [0., 0., 0., 0.],
       [0., 0., 0., 0.],
       ...,
       [0., 0., 0., 0.],
       [0., 0., 0., 0.],
       [0., 0., 0., 0.]], dtype=float32)>, 'right_env': <tf.Tensor: shape=(256, 4), dtype=float32, numpy=
array([[0., 0., 0., 0.],
       [0., 0., 0., 0.],
       [0., 0., 0., 0.],
       ...,
       [0., 0., 0., 0.],
       [0., 0., 0., 0.],
       [0., 0., 0., 0.]], dtype=float32)>, 'label': <tf.Tensor: shape=(1,), dtype=int64, numpy=array([0])>}.


	 [[{{node PyFunc}}]] [Op:IteratorGetNext] name: 
Testing 8.0s window (512 samples)...
⚠ WARNING: Audio base directory not found, using default: Data/Das/4004271/Stimuli
Loading Fulsang preprocessing validated data from 18 files...
✓ Using validated attention labels with quality control
✓ Using subject-wise organized data (no data leakage)
⚠ Audio loading DISABLED - using dummy audio envelopes (faster loading)
✓ Found TFRecord files in: ['tfrecords', 'tfrecords', 'tfrecords']...
✓ Loaded 3200 samples from subject S5
✓ Loaded 3200 samples from subject S6
✓ Loaded 3200 samples from subject S12
✓ Loaded 3200 samples from subject S16
✓ Loaded 3200 samples from subject S11
✓ Loaded 3200 samples from subject S2
✓ Loaded 3200 samples from subject S4
✓ Loaded 3200 samples from subject S18
✓ Loaded 3200 samples from subject S3
✓ Loaded 3200 samples from subject S9
✓ Loaded 3200 samples from subject S1
✓ Loaded 3200 samples from subject S17
✓ Loaded 3200 samples from subject S10
✓ Loaded 3200 samples from subject S13
✓ Loaded 3200 samples from subject S15
✓ Loaded 3200 samples from subject S7
✓ Loaded 3200 samples from subject S14
✓ Loaded 3200 samples from subject S8

============================================================
Loading Summary:
  Successfully loaded files: 18
  Failed files: 0
  Total records loaded: 57600
  Skipped records: 0
  Shape validation errors: 0
============================================================

Subject-wise statistics:
  S5: 3200 samples, labels [1600 1600]
  S6: 3200 samples, labels [1600 1600]
  S12: 3200 samples, labels [1600 1600]
  S16: 3200 samples, labels [1600 1600]
  S11: 3200 samples, labels [1600 1600]
  S2: 3200 samples, labels [1600 1600]
  S4: 3200 samples, labels [1600 1600]
  S18: 3200 samples, labels [1600 1600]
  S3: 3200 samples, labels [1600 1600]
  S9: 3200 samples, labels [1600 1600]
  S1: 3200 samples, labels [1600 1600]
  S17: 3200 samples, labels [1600 1600]
  S10: 3200 samples, labels [1600 1600]
  S13: 3200 samples, labels [1600 1600]
  S15: 3200 samples, labels [1600 1600]
  S7: 3200 samples, labels [1600 1600]
  S14: 3200 samples, labels [1600 1600]
  S8: 3200 samples, labels [1600 1600]

Final data shapes:
  EEG data: (57600, 66) (samples, channels)
  Audio envelopes: (57600, 4) (samples, features)
  Labels: (57600,) (samples,)
  Expected EEG shape: (n_samples, 64)
  Valid audio envelopes: 0/57600 (0.0%)
  ⚠ WARNING: All audio envelopes are zero! Audio files may not be loading correctly.
    Check audio file paths in TFRecords and audio_base_dir setting.
Creating 224 Fulsang windows:
  Window size: 512 samples (8.0 seconds)
  Step size: 256 samples (4.0 seconds)
  Overlap: 50.0%
  Sampling rate: 64 Hz
✓ Window size appropriate for EEG attention decoding
Created 224 Fulsang windows
Window label distribution: [224]
Loaded 224 Fulsang windows for test mode
Fulsang EEG shape: (57600, 66)
Fulsang Audio envelopes shape: (57600, 4)
Fulsang Label distribution: [28800 28800]
Using Fulsang preprocessing: Yes
Cache size: 1000 windows
Making FULCCA predictions...
⚠ Error during prediction: {{function_node __wrapped__IteratorGetNext_output_types_3_device_/job:localhost/replica:0/task:0/device:CPU:0}} TypeError: `generator` yielded an element that could not be converted to the expected type. The expected type was int64, but the yielded element was {'left_env': <tf.Tensor: shape=(512, 4), dtype=float32, numpy=
array([[0., 0., 0., 0.],
       [0., 0., 0., 0.],
       [0., 0., 0., 0.],
       ...,
       [0., 0., 0., 0.],
       [0., 0., 0., 0.],
       [0., 0., 0., 0.]], dtype=float32)>, 'right_env': <tf.Tensor: shape=(512, 4), dtype=float32, numpy=
array([[0., 0., 0., 0.],
       [0., 0., 0., 0.],
       [0., 0., 0., 0.],
       ...,
       [0., 0., 0., 0.],
       [0., 0., 0., 0.],
       [0., 0., 0., 0.]], dtype=float32)>, 'label': <tf.Tensor: shape=(1,), dtype=int64, numpy=array([0])>}.
Traceback (most recent call last):

  File "/home/py9363/.local/lib/python3.9/site-packages/tensorflow/python/data/ops/from_generator_op.py", line 214, in generator_py_func
    script_ops.FuncRegistry._convert(  # pylint: disable=protected-access

  File "/home/py9363/.local/lib/python3.9/site-packages/tensorflow/python/ops/script_ops.py", line 228, in _convert
    result = numpy_compat.np_asarray(value, dtype=dtype, order="C")

  File "/home/py9363/.local/lib/python3.9/site-packages/tensorflow/python/util/numpy_compat.py", line 78, in np_asarray
    return np.asarray(values, order=order, copy=copy).astype(dtype, copy=copy)

TypeError: int() argument must be a string, a bytes-like object or a number, not 'dict'


The above exception was the direct cause of the following exception:


Traceback (most recent call last):

  File "/home/py9363/.local/lib/python3.9/site-packages/tensorflow/python/ops/script_ops.py", line 269, in __call__
    ret = func(*args)

  File "/home/py9363/.local/lib/python3.9/site-packages/tensorflow/python/autograph/impl/api.py", line 643, in wrapper
    return func(*args, **kwargs)

  File "/home/py9363/.local/lib/python3.9/site-packages/tensorflow/python/data/ops/from_generator_op.py", line 218, in generator_py_func
    raise TypeError(

TypeError: `generator` yielded an element that could not be converted to the expected type. The expected type was int64, but the yielded element was {'left_env': <tf.Tensor: shape=(512, 4), dtype=float32, numpy=
array([[0., 0., 0., 0.],
       [0., 0., 0., 0.],
       [0., 0., 0., 0.],
       ...,
       [0., 0., 0., 0.],
       [0., 0., 0., 0.],
       [0., 0., 0., 0.]], dtype=float32)>, 'right_env': <tf.Tensor: shape=(512, 4), dtype=float32, numpy=
array([[0., 0., 0., 0.],
       [0., 0., 0., 0.],
       [0., 0., 0., 0.],
       ...,
       [0., 0., 0., 0.],
       [0., 0., 0., 0.],
       [0., 0., 0., 0.]], dtype=float32)>, 'label': <tf.Tensor: shape=(1,), dtype=int64, numpy=array([0])>}.


	 [[{{node PyFunc}}]] [Op:IteratorGetNext] name: 
  Falling back to CPU for predictions...
⚠ CPU fallback also failed: {{function_node __wrapped__IteratorGetNext_output_types_3_device_/job:localhost/replica:0/task:0/device:CPU:0}} TypeError: `generator` yielded an element that could not be converted to the expected type. The expected type was int64, but the yielded element was {'left_env': <tf.Tensor: shape=(512, 4), dtype=float32, numpy=
array([[0., 0., 0., 0.],
       [0., 0., 0., 0.],
       [0., 0., 0., 0.],
       ...,
       [0., 0., 0., 0.],
       [0., 0., 0., 0.],
       [0., 0., 0., 0.]], dtype=float32)>, 'right_env': <tf.Tensor: shape=(512, 4), dtype=float32, numpy=
array([[0., 0., 0., 0.],
       [0., 0., 0., 0.],
       [0., 0., 0., 0.],
       ...,
       [0., 0., 0., 0.],
       [0., 0., 0., 0.],
       [0., 0., 0., 0.]], dtype=float32)>, 'label': <tf.Tensor: shape=(1,), dtype=int64, numpy=array([0])>}.
Traceback (most recent call last):

  File "/home/py9363/.local/lib/python3.9/site-packages/tensorflow/python/data/ops/from_generator_op.py", line 214, in generator_py_func
    script_ops.FuncRegistry._convert(  # pylint: disable=protected-access

  File "/home/py9363/.local/lib/python3.9/site-packages/tensorflow/python/ops/script_ops.py", line 228, in _convert
    result = numpy_compat.np_asarray(value, dtype=dtype, order="C")

  File "/home/py9363/.local/lib/python3.9/site-packages/tensorflow/python/util/numpy_compat.py", line 78, in np_asarray
    return np.asarray(values, order=order, copy=copy).astype(dtype, copy=copy)

TypeError: int() argument must be a string, a bytes-like object or a number, not 'dict'


The above exception was the direct cause of the following exception:


Traceback (most recent call last):

  File "/home/py9363/.local/lib/python3.9/site-packages/tensorflow/python/ops/script_ops.py", line 269, in __call__
    ret = func(*args)

  File "/home/py9363/.local/lib/python3.9/site-packages/tensorflow/python/autograph/impl/api.py", line 643, in wrapper
    return func(*args, **kwargs)

  File "/home/py9363/.local/lib/python3.9/site-packages/tensorflow/python/data/ops/from_generator_op.py", line 218, in generator_py_func
    raise TypeError(

TypeError: `generator` yielded an element that could not be converted to the expected type. The expected type was int64, but the yielded element was {'left_env': <tf.Tensor: shape=(512, 4), dtype=float32, numpy=
array([[0., 0., 0., 0.],
       [0., 0., 0., 0.],
       [0., 0., 0., 0.],
       ...,
       [0., 0., 0., 0.],
       [0., 0., 0., 0.],
       [0., 0., 0., 0.]], dtype=float32)>, 'right_env': <tf.Tensor: shape=(512, 4), dtype=float32, numpy=
array([[0., 0., 0., 0.],
       [0., 0., 0., 0.],
       [0., 0., 0., 0.],
       ...,
       [0., 0., 0., 0.],
       [0., 0., 0., 0.],
       [0., 0., 0., 0.]], dtype=float32)>, 'label': <tf.Tensor: shape=(1,), dtype=int64, numpy=array([0])>}.


	 [[{{node PyFunc}}]] [Op:IteratorGetNext] name: 
  Error testing 8.0s window: Both GPU and CPU prediction failed. GPU error: {{function_node __wrapped__IteratorGetNext_output_types_3_device_/job:localhost/replica:0/task:0/device:CPU:0}} TypeError: `generator` yielded an element that could not be converted to the expected type. The expected type was int64, but the yielded element was {'left_env': <tf.Tensor: shape=(512, 4), dtype=float32, numpy=
array([[0., 0., 0., 0.],
       [0., 0., 0., 0.],
       [0., 0., 0., 0.],
       ...,
       [0., 0., 0., 0.],
       [0., 0., 0., 0.],
       [0., 0., 0., 0.]], dtype=float32)>, 'right_env': <tf.Tensor: shape=(512, 4), dtype=float32, numpy=
array([[0., 0., 0., 0.],
       [0., 0., 0., 0.],
       [0., 0., 0., 0.],
       ...,
       [0., 0., 0., 0.],
       [0., 0., 0., 0.],
       [0., 0., 0., 0.]], dtype=float32)>, 'label': <tf.Tensor: shape=(1,), dtype=int64, numpy=array([0])>}.
Traceback (most recent call last):

  File "/home/py9363/.local/lib/python3.9/site-packages/tensorflow/python/data/ops/from_generator_op.py", line 214, in generator_py_func
    script_ops.FuncRegistry._convert(  # pylint: disable=protected-access

  File "/home/py9363/.local/lib/python3.9/site-packages/tensorflow/python/ops/script_ops.py", line 228, in _convert
    result = numpy_compat.np_asarray(value, dtype=dtype, order="C")

  File "/home/py9363/.local/lib/python3.9/site-packages/tensorflow/python/util/numpy_compat.py", line 78, in np_asarray
    return np.asarray(values, order=order, copy=copy).astype(dtype, copy=copy)

TypeError: int() argument must be a string, a bytes-like object or a number, not 'dict'


The above exception was the direct cause of the following exception:


Traceback (most recent call last):

  File "/home/py9363/.local/lib/python3.9/site-packages/tensorflow/python/ops/script_ops.py", line 269, in __call__
    ret = func(*args)

  File "/home/py9363/.local/lib/python3.9/site-packages/tensorflow/python/autograph/impl/api.py", line 643, in wrapper
    return func(*args, **kwargs)

  File "/home/py9363/.local/lib/python3.9/site-packages/tensorflow/python/data/ops/from_generator_op.py", line 218, in generator_py_func
    raise TypeError(

TypeError: `generator` yielded an element that could not be converted to the expected type. The expected type was int64, but the yielded element was {'left_env': <tf.Tensor: shape=(512, 4), dtype=float32, numpy=
array([[0., 0., 0., 0.],
       [0., 0., 0., 0.],
       [0., 0., 0., 0.],
       ...,
       [0., 0., 0., 0.],
       [0., 0., 0., 0.],
       [0., 0., 0., 0.]], dtype=float32)>, 'right_env': <tf.Tensor: shape=(512, 4), dtype=float32, numpy=
array([[0., 0., 0., 0.],
       [0., 0., 0., 0.],
       [0., 0., 0., 0.],
       ...,
       [0., 0., 0., 0.],
       [0., 0., 0., 0.],
       [0., 0., 0., 0.]], dtype=float32)>, 'label': <tf.Tensor: shape=(1,), dtype=int64, numpy=array([0])>}.


	 [[{{node PyFunc}}]] [Op:IteratorGetNext] name: , CPU error: {{function_node __wrapped__IteratorGetNext_output_types_3_device_/job:localhost/replica:0/task:0/device:CPU:0}} TypeError: `generator` yielded an element that could not be converted to the expected type. The expected type was int64, but the yielded element was {'left_env': <tf.Tensor: shape=(512, 4), dtype=float32, numpy=
array([[0., 0., 0., 0.],
       [0., 0., 0., 0.],
       [0., 0., 0., 0.],
       ...,
       [0., 0., 0., 0.],
       [0., 0., 0., 0.],
       [0., 0., 0., 0.]], dtype=float32)>, 'right_env': <tf.Tensor: shape=(512, 4), dtype=float32, numpy=
array([[0., 0., 0., 0.],
       [0., 0., 0., 0.],
       [0., 0., 0., 0.],
       ...,
       [0., 0., 0., 0.],
       [0., 0., 0., 0.],
       [0., 0., 0., 0.]], dtype=float32)>, 'label': <tf.Tensor: shape=(1,), dtype=int64, numpy=array([0])>}.
Traceback (most recent call last):

  File "/home/py9363/.local/lib/python3.9/site-packages/tensorflow/python/data/ops/from_generator_op.py", line 214, in generator_py_func
    script_ops.FuncRegistry._convert(  # pylint: disable=protected-access

  File "/home/py9363/.local/lib/python3.9/site-packages/tensorflow/python/ops/script_ops.py", line 228, in _convert
    result = numpy_compat.np_asarray(value, dtype=dtype, order="C")

  File "/home/py9363/.local/lib/python3.9/site-packages/tensorflow/python/util/numpy_compat.py", line 78, in np_asarray
    return np.asarray(values, order=order, copy=copy).astype(dtype, copy=copy)

TypeError: int() argument must be a string, a bytes-like object or a number, not 'dict'


The above exception was the direct cause of the following exception:


Traceback (most recent call last):

  File "/home/py9363/.local/lib/python3.9/site-packages/tensorflow/python/ops/script_ops.py", line 269, in __call__
    ret = func(*args)

  File "/home/py9363/.local/lib/python3.9/site-packages/tensorflow/python/autograph/impl/api.py", line 643, in wrapper
    return func(*args, **kwargs)

  File "/home/py9363/.local/lib/python3.9/site-packages/tensorflow/python/data/ops/from_generator_op.py", line 218, in generator_py_func
    raise TypeError(

TypeError: `generator` yielded an element that could not be converted to the expected type. The expected type was int64, but the yielded element was {'left_env': <tf.Tensor: shape=(512, 4), dtype=float32, numpy=
array([[0., 0., 0., 0.],
       [0., 0., 0., 0.],
       [0., 0., 0., 0.],
       ...,
       [0., 0., 0., 0.],
       [0., 0., 0., 0.],
       [0., 0., 0., 0.]], dtype=float32)>, 'right_env': <tf.Tensor: shape=(512, 4), dtype=float32, numpy=
array([[0., 0., 0., 0.],
       [0., 0., 0., 0.],
       [0., 0., 0., 0.],
       ...,
       [0., 0., 0., 0.],
       [0., 0., 0., 0.],
       [0., 0., 0., 0.]], dtype=float32)>, 'label': <tf.Tensor: shape=(1,), dtype=int64, numpy=array([0])>}.


	 [[{{node PyFunc}}]] [Op:IteratorGetNext] name: 
Testing 16.0s window (1024 samples)...
⚠ WARNING: Audio base directory not found, using default: Data/Das/4004271/Stimuli
Loading Fulsang preprocessing validated data from 18 files...
✓ Using validated attention labels with quality control
✓ Using subject-wise organized data (no data leakage)
⚠ Audio loading DISABLED - using dummy audio envelopes (faster loading)
✓ Found TFRecord files in: ['tfrecords', 'tfrecords', 'tfrecords']...
✓ Loaded 3200 samples from subject S5
✓ Loaded 3200 samples from subject S6
✓ Loaded 3200 samples from subject S12
✓ Loaded 3200 samples from subject S16
✓ Loaded 3200 samples from subject S11
✓ Loaded 3200 samples from subject S2
✓ Loaded 3200 samples from subject S4
✓ Loaded 3200 samples from subject S18
✓ Loaded 3200 samples from subject S3
✓ Loaded 3200 samples from subject S9
✓ Loaded 3200 samples from subject S1
✓ Loaded 3200 samples from subject S17
✓ Loaded 3200 samples from subject S10
✓ Loaded 3200 samples from subject S13
✓ Loaded 3200 samples from subject S15
✓ Loaded 3200 samples from subject S7
✓ Loaded 3200 samples from subject S14
✓ Loaded 3200 samples from subject S8

============================================================
Loading Summary:
  Successfully loaded files: 18
  Failed files: 0
  Total records loaded: 57600
  Skipped records: 0
  Shape validation errors: 0
============================================================

Subject-wise statistics:
  S5: 3200 samples, labels [1600 1600]
  S6: 3200 samples, labels [1600 1600]
  S12: 3200 samples, labels [1600 1600]
  S16: 3200 samples, labels [1600 1600]
  S11: 3200 samples, labels [1600 1600]
  S2: 3200 samples, labels [1600 1600]
  S4: 3200 samples, labels [1600 1600]
  S18: 3200 samples, labels [1600 1600]
  S3: 3200 samples, labels [1600 1600]
  S9: 3200 samples, labels [1600 1600]
  S1: 3200 samples, labels [1600 1600]
  S17: 3200 samples, labels [1600 1600]
  S10: 3200 samples, labels [1600 1600]
  S13: 3200 samples, labels [1600 1600]
  S15: 3200 samples, labels [1600 1600]
  S7: 3200 samples, labels [1600 1600]
  S14: 3200 samples, labels [1600 1600]
  S8: 3200 samples, labels [1600 1600]

Final data shapes:
  EEG data: (57600, 66) (samples, channels)
  Audio envelopes: (57600, 4) (samples, features)
  Labels: (57600,) (samples,)
  Expected EEG shape: (n_samples, 64)
  Valid audio envelopes: 0/57600 (0.0%)
  ⚠ WARNING: All audio envelopes are zero! Audio files may not be loading correctly.
    Check audio file paths in TFRecords and audio_base_dir setting.
Creating 111 Fulsang windows:
  Window size: 1024 samples (16.0 seconds)
  Step size: 512 samples (8.0 seconds)
  Overlap: 50.0%
  Sampling rate: 64 Hz
✓ Window size appropriate for EEG attention decoding
Created 111 Fulsang windows
Window label distribution: [111]
Loaded 111 Fulsang windows for test mode
Fulsang EEG shape: (57600, 66)
Fulsang Audio envelopes shape: (57600, 4)
Fulsang Label distribution: [28800 28800]
Using Fulsang preprocessing: Yes
Cache size: 1000 windows
Making FULCCA predictions...
⚠ Error during prediction: {{function_node __wrapped__IteratorGetNext_output_types_3_device_/job:localhost/replica:0/task:0/device:CPU:0}} TypeError: `generator` yielded an element that could not be converted to the expected type. The expected type was int64, but the yielded element was {'left_env': <tf.Tensor: shape=(1024, 4), dtype=float32, numpy=
array([[0., 0., 0., 0.],
       [0., 0., 0., 0.],
       [0., 0., 0., 0.],
       ...,
       [0., 0., 0., 0.],
       [0., 0., 0., 0.],
       [0., 0., 0., 0.]], dtype=float32)>, 'right_env': <tf.Tensor: shape=(1024, 4), dtype=float32, numpy=
array([[0., 0., 0., 0.],
       [0., 0., 0., 0.],
       [0., 0., 0., 0.],
       ...,
       [0., 0., 0., 0.],
       [0., 0., 0., 0.],
       [0., 0., 0., 0.]], dtype=float32)>, 'label': <tf.Tensor: shape=(1,), dtype=int64, numpy=array([0])>}.
Traceback (most recent call last):

  File "/home/py9363/.local/lib/python3.9/site-packages/tensorflow/python/data/ops/from_generator_op.py", line 214, in generator_py_func
    script_ops.FuncRegistry._convert(  # pylint: disable=protected-access

  File "/home/py9363/.local/lib/python3.9/site-packages/tensorflow/python/ops/script_ops.py", line 228, in _convert
    result = numpy_compat.np_asarray(value, dtype=dtype, order="C")

  File "/home/py9363/.local/lib/python3.9/site-packages/tensorflow/python/util/numpy_compat.py", line 78, in np_asarray
    return np.asarray(values, order=order, copy=copy).astype(dtype, copy=copy)

TypeError: int() argument must be a string, a bytes-like object or a number, not 'dict'


The above exception was the direct cause of the following exception:


Traceback (most recent call last):

  File "/home/py9363/.local/lib/python3.9/site-packages/tensorflow/python/ops/script_ops.py", line 269, in __call__
    ret = func(*args)

  File "/home/py9363/.local/lib/python3.9/site-packages/tensorflow/python/autograph/impl/api.py", line 643, in wrapper
    return func(*args, **kwargs)

  File "/home/py9363/.local/lib/python3.9/site-packages/tensorflow/python/data/ops/from_generator_op.py", line 218, in generator_py_func
    raise TypeError(

TypeError: `generator` yielded an element that could not be converted to the expected type. The expected type was int64, but the yielded element was {'left_env': <tf.Tensor: shape=(1024, 4), dtype=float32, numpy=
array([[0., 0., 0., 0.],
       [0., 0., 0., 0.],
       [0., 0., 0., 0.],
       ...,
       [0., 0., 0., 0.],
       [0., 0., 0., 0.],
       [0., 0., 0., 0.]], dtype=float32)>, 'right_env': <tf.Tensor: shape=(1024, 4), dtype=float32, numpy=
array([[0., 0., 0., 0.],
       [0., 0., 0., 0.],
       [0., 0., 0., 0.],
       ...,
       [0., 0., 0., 0.],
       [0., 0., 0., 0.],
       [0., 0., 0., 0.]], dtype=float32)>, 'label': <tf.Tensor: shape=(1,), dtype=int64, numpy=array([0])>}.


	 [[{{node PyFunc}}]] [Op:IteratorGetNext] name: 
  Falling back to CPU for predictions...
⚠ CPU fallback also failed: {{function_node __wrapped__IteratorGetNext_output_types_3_device_/job:localhost/replica:0/task:0/device:CPU:0}} TypeError: `generator` yielded an element that could not be converted to the expected type. The expected type was int64, but the yielded element was {'left_env': <tf.Tensor: shape=(1024, 4), dtype=float32, numpy=
array([[0., 0., 0., 0.],
       [0., 0., 0., 0.],
       [0., 0., 0., 0.],
       ...,
       [0., 0., 0., 0.],
       [0., 0., 0., 0.],
       [0., 0., 0., 0.]], dtype=float32)>, 'right_env': <tf.Tensor: shape=(1024, 4), dtype=float32, numpy=
array([[0., 0., 0., 0.],
       [0., 0., 0., 0.],
       [0., 0., 0., 0.],
       ...,
       [0., 0., 0., 0.],
       [0., 0., 0., 0.],
       [0., 0., 0., 0.]], dtype=float32)>, 'label': <tf.Tensor: shape=(1,), dtype=int64, numpy=array([0])>}.
Traceback (most recent call last):

  File "/home/py9363/.local/lib/python3.9/site-packages/tensorflow/python/data/ops/from_generator_op.py", line 214, in generator_py_func
    script_ops.FuncRegistry._convert(  # pylint: disable=protected-access

  File "/home/py9363/.local/lib/python3.9/site-packages/tensorflow/python/ops/script_ops.py", line 228, in _convert
    result = numpy_compat.np_asarray(value, dtype=dtype, order="C")

  File "/home/py9363/.local/lib/python3.9/site-packages/tensorflow/python/util/numpy_compat.py", line 78, in np_asarray
    return np.asarray(values, order=order, copy=copy).astype(dtype, copy=copy)

TypeError: int() argument must be a string, a bytes-like object or a number, not 'dict'


The above exception was the direct cause of the following exception:


Traceback (most recent call last):

  File "/home/py9363/.local/lib/python3.9/site-packages/tensorflow/python/ops/script_ops.py", line 269, in __call__
    ret = func(*args)

  File "/home/py9363/.local/lib/python3.9/site-packages/tensorflow/python/autograph/impl/api.py", line 643, in wrapper
    return func(*args, **kwargs)

  File "/home/py9363/.local/lib/python3.9/site-packages/tensorflow/python/data/ops/from_generator_op.py", line 218, in generator_py_func
    raise TypeError(

TypeError: `generator` yielded an element that could not be converted to the expected type. The expected type was int64, but the yielded element was {'left_env': <tf.Tensor: shape=(1024, 4), dtype=float32, numpy=
array([[0., 0., 0., 0.],
       [0., 0., 0., 0.],
       [0., 0., 0., 0.],
       ...,
       [0., 0., 0., 0.],
       [0., 0., 0., 0.],
       [0., 0., 0., 0.]], dtype=float32)>, 'right_env': <tf.Tensor: shape=(1024, 4), dtype=float32, numpy=
array([[0., 0., 0., 0.],
       [0., 0., 0., 0.],
       [0., 0., 0., 0.],
       ...,
       [0., 0., 0., 0.],
       [0., 0., 0., 0.],
       [0., 0., 0., 0.]], dtype=float32)>, 'label': <tf.Tensor: shape=(1,), dtype=int64, numpy=array([0])>}.


	 [[{{node PyFunc}}]] [Op:IteratorGetNext] name: 
  Error testing 16.0s window: Both GPU and CPU prediction failed. GPU error: {{function_node __wrapped__IteratorGetNext_output_types_3_device_/job:localhost/replica:0/task:0/device:CPU:0}} TypeError: `generator` yielded an element that could not be converted to the expected type. The expected type was int64, but the yielded element was {'left_env': <tf.Tensor: shape=(1024, 4), dtype=float32, numpy=
array([[0., 0., 0., 0.],
       [0., 0., 0., 0.],
       [0., 0., 0., 0.],
       ...,
       [0., 0., 0., 0.],
       [0., 0., 0., 0.],
       [0., 0., 0., 0.]], dtype=float32)>, 'right_env': <tf.Tensor: shape=(1024, 4), dtype=float32, numpy=
array([[0., 0., 0., 0.],
       [0., 0., 0., 0.],
       [0., 0., 0., 0.],
       ...,
       [0., 0., 0., 0.],
       [0., 0., 0., 0.],
       [0., 0., 0., 0.]], dtype=float32)>, 'label': <tf.Tensor: shape=(1,), dtype=int64, numpy=array([0])>}.
Traceback (most recent call last):

  File "/home/py9363/.local/lib/python3.9/site-packages/tensorflow/python/data/ops/from_generator_op.py", line 214, in generator_py_func
    script_ops.FuncRegistry._convert(  # pylint: disable=protected-access

  File "/home/py9363/.local/lib/python3.9/site-packages/tensorflow/python/ops/script_ops.py", line 228, in _convert
    result = numpy_compat.np_asarray(value, dtype=dtype, order="C")

  File "/home/py9363/.local/lib/python3.9/site-packages/tensorflow/python/util/numpy_compat.py", line 78, in np_asarray
    return np.asarray(values, order=order, copy=copy).astype(dtype, copy=copy)

TypeError: int() argument must be a string, a bytes-like object or a number, not 'dict'


The above exception was the direct cause of the following exception:


Traceback (most recent call last):

  File "/home/py9363/.local/lib/python3.9/site-packages/tensorflow/python/ops/script_ops.py", line 269, in __call__
    ret = func(*args)

  File "/home/py9363/.local/lib/python3.9/site-packages/tensorflow/python/autograph/impl/api.py", line 643, in wrapper
    return func(*args, **kwargs)

  File "/home/py9363/.local/lib/python3.9/site-packages/tensorflow/python/data/ops/from_generator_op.py", line 218, in generator_py_func
    raise TypeError(

TypeError: `generator` yielded an element that could not be converted to the expected type. The expected type was int64, but the yielded element was {'left_env': <tf.Tensor: shape=(1024, 4), dtype=float32, numpy=
array([[0., 0., 0., 0.],
       [0., 0., 0., 0.],
       [0., 0., 0., 0.],
       ...,
       [0., 0., 0., 0.],
       [0., 0., 0., 0.],
       [0., 0., 0., 0.]], dtype=float32)>, 'right_env': <tf.Tensor: shape=(1024, 4), dtype=float32, numpy=
array([[0., 0., 0., 0.],
       [0., 0., 0., 0.],
       [0., 0., 0., 0.],
       ...,
       [0., 0., 0., 0.],
       [0., 0., 0., 0.],
       [0., 0., 0., 0.]], dtype=float32)>, 'label': <tf.Tensor: shape=(1,), dtype=int64, numpy=array([0])>}.


	 [[{{node PyFunc}}]] [Op:IteratorGetNext] name: , CPU error: {{function_node __wrapped__IteratorGetNext_output_types_3_device_/job:localhost/replica:0/task:0/device:CPU:0}} TypeError: `generator` yielded an element that could not be converted to the expected type. The expected type was int64, but the yielded element was {'left_env': <tf.Tensor: shape=(1024, 4), dtype=float32, numpy=
array([[0., 0., 0., 0.],
       [0., 0., 0., 0.],
       [0., 0., 0., 0.],
       ...,
       [0., 0., 0., 0.],
       [0., 0., 0., 0.],
       [0., 0., 0., 0.]], dtype=float32)>, 'right_env': <tf.Tensor: shape=(1024, 4), dtype=float32, numpy=
array([[0., 0., 0., 0.],
       [0., 0., 0., 0.],
       [0., 0., 0., 0.],
       ...,
       [0., 0., 0., 0.],
       [0., 0., 0., 0.],
       [0., 0., 0., 0.]], dtype=float32)>, 'label': <tf.Tensor: shape=(1,), dtype=int64, numpy=array([0])>}.
Traceback (most recent call last):

  File "/home/py9363/.local/lib/python3.9/site-packages/tensorflow/python/data/ops/from_generator_op.py", line 214, in generator_py_func
    script_ops.FuncRegistry._convert(  # pylint: disable=protected-access

  File "/home/py9363/.local/lib/python3.9/site-packages/tensorflow/python/ops/script_ops.py", line 228, in _convert
    result = numpy_compat.np_asarray(value, dtype=dtype, order="C")

  File "/home/py9363/.local/lib/python3.9/site-packages/tensorflow/python/util/numpy_compat.py", line 78, in np_asarray
    return np.asarray(values, order=order, copy=copy).astype(dtype, copy=copy)

TypeError: int() argument must be a string, a bytes-like object or a number, not 'dict'


The above exception was the direct cause of the following exception:


Traceback (most recent call last):

  File "/home/py9363/.local/lib/python3.9/site-packages/tensorflow/python/ops/script_ops.py", line 269, in __call__
    ret = func(*args)

  File "/home/py9363/.local/lib/python3.9/site-packages/tensorflow/python/autograph/impl/api.py", line 643, in wrapper
    return func(*args, **kwargs)

  File "/home/py9363/.local/lib/python3.9/site-packages/tensorflow/python/data/ops/from_generator_op.py", line 218, in generator_py_func
    raise TypeError(

TypeError: `generator` yielded an element that could not be converted to the expected type. The expected type was int64, but the yielded element was {'left_env': <tf.Tensor: shape=(1024, 4), dtype=float32, numpy=
array([[0., 0., 0., 0.],
       [0., 0., 0., 0.],
       [0., 0., 0., 0.],
       ...,
       [0., 0., 0., 0.],
       [0., 0., 0., 0.],
       [0., 0., 0., 0.]], dtype=float32)>, 'right_env': <tf.Tensor: shape=(1024, 4), dtype=float32, numpy=
array([[0., 0., 0., 0.],
       [0., 0., 0., 0.],
       [0., 0., 0., 0.],
       ...,
       [0., 0., 0., 0.],
       [0., 0., 0., 0.],
       [0., 0., 0., 0.]], dtype=float32)>, 'label': <tf.Tensor: shape=(1,), dtype=int64, numpy=array([0])>}.


	 [[{{node PyFunc}}]] [Op:IteratorGetNext] name: 
Testing 30.0s window (1920 samples)...
⚠ WARNING: Audio base directory not found, using default: Data/Das/4004271/Stimuli
Loading Fulsang preprocessing validated data from 18 files...
✓ Using validated attention labels with quality control
✓ Using subject-wise organized data (no data leakage)
⚠ Audio loading DISABLED - using dummy audio envelopes (faster loading)
✓ Found TFRecord files in: ['tfrecords', 'tfrecords', 'tfrecords']...
✓ Loaded 3200 samples from subject S5
✓ Loaded 3200 samples from subject S6
✓ Loaded 3200 samples from subject S12
✓ Loaded 3200 samples from subject S16
✓ Loaded 3200 samples from subject S11
✓ Loaded 3200 samples from subject S2
✓ Loaded 3200 samples from subject S4
✓ Loaded 3200 samples from subject S18
✓ Loaded 3200 samples from subject S3
✓ Loaded 3200 samples from subject S9
✓ Loaded 3200 samples from subject S1
✓ Loaded 3200 samples from subject S17
✓ Loaded 3200 samples from subject S10
✓ Loaded 3200 samples from subject S13
✓ Loaded 3200 samples from subject S15
✓ Loaded 3200 samples from subject S7
✓ Loaded 3200 samples from subject S14
✓ Loaded 3200 samples from subject S8

============================================================
Loading Summary:
  Successfully loaded files: 18
  Failed files: 0
  Total records loaded: 57600
  Skipped records: 0
  Shape validation errors: 0
============================================================

Subject-wise statistics:
  S5: 3200 samples, labels [1600 1600]
  S6: 3200 samples, labels [1600 1600]
  S12: 3200 samples, labels [1600 1600]
  S16: 3200 samples, labels [1600 1600]
  S11: 3200 samples, labels [1600 1600]
  S2: 3200 samples, labels [1600 1600]
  S4: 3200 samples, labels [1600 1600]
  S18: 3200 samples, labels [1600 1600]
  S3: 3200 samples, labels [1600 1600]
  S9: 3200 samples, labels [1600 1600]
  S1: 3200 samples, labels [1600 1600]
  S17: 3200 samples, labels [1600 1600]
  S10: 3200 samples, labels [1600 1600]
  S13: 3200 samples, labels [1600 1600]
  S15: 3200 samples, labels [1600 1600]
  S7: 3200 samples, labels [1600 1600]
  S14: 3200 samples, labels [1600 1600]
  S8: 3200 samples, labels [1600 1600]

Final data shapes:
  EEG data: (57600, 66) (samples, channels)
  Audio envelopes: (57600, 4) (samples, features)
  Labels: (57600,) (samples,)
  Expected EEG shape: (n_samples, 64)
  Valid audio envelopes: 0/57600 (0.0%)
  ⚠ WARNING: All audio envelopes are zero! Audio files may not be loading correctly.
    Check audio file paths in TFRecords and audio_base_dir setting.
Creating 59 Fulsang windows:
  Window size: 1920 samples (30.0 seconds)
  Step size: 960 samples (15.0 seconds)
  Overlap: 50.0%
  Sampling rate: 64 Hz
⚠ WARNING: Very long window (30.0s) may miss temporal dynamics
Created 59 Fulsang windows
Window label distribution: [59]
Loaded 59 Fulsang windows for test mode
Fulsang EEG shape: (57600, 66)
Fulsang Audio envelopes shape: (57600, 4)
Fulsang Label distribution: [28800 28800]
Using Fulsang preprocessing: Yes
Cache size: 1000 windows
Making FULCCA predictions...
⚠ Error during prediction: {{function_node __wrapped__IteratorGetNext_output_types_3_device_/job:localhost/replica:0/task:0/device:CPU:0}} TypeError: `generator` yielded an element that could not be converted to the expected type. The expected type was int64, but the yielded element was {'left_env': <tf.Tensor: shape=(1920, 4), dtype=float32, numpy=
array([[0., 0., 0., 0.],
       [0., 0., 0., 0.],
       [0., 0., 0., 0.],
       ...,
       [0., 0., 0., 0.],
       [0., 0., 0., 0.],
       [0., 0., 0., 0.]], dtype=float32)>, 'right_env': <tf.Tensor: shape=(1920, 4), dtype=float32, numpy=
array([[0., 0., 0., 0.],
       [0., 0., 0., 0.],
       [0., 0., 0., 0.],
       ...,
       [0., 0., 0., 0.],
       [0., 0., 0., 0.],
       [0., 0., 0., 0.]], dtype=float32)>, 'label': <tf.Tensor: shape=(1,), dtype=int64, numpy=array([0])>}.
Traceback (most recent call last):

  File "/home/py9363/.local/lib/python3.9/site-packages/tensorflow/python/data/ops/from_generator_op.py", line 214, in generator_py_func
    script_ops.FuncRegistry._convert(  # pylint: disable=protected-access

  File "/home/py9363/.local/lib/python3.9/site-packages/tensorflow/python/ops/script_ops.py", line 228, in _convert
    result = numpy_compat.np_asarray(value, dtype=dtype, order="C")

  File "/home/py9363/.local/lib/python3.9/site-packages/tensorflow/python/util/numpy_compat.py", line 78, in np_asarray
    return np.asarray(values, order=order, copy=copy).astype(dtype, copy=copy)

TypeError: int() argument must be a string, a bytes-like object or a number, not 'dict'


The above exception was the direct cause of the following exception:


Traceback (most recent call last):

  File "/home/py9363/.local/lib/python3.9/site-packages/tensorflow/python/ops/script_ops.py", line 269, in __call__
    ret = func(*args)

  File "/home/py9363/.local/lib/python3.9/site-packages/tensorflow/python/autograph/impl/api.py", line 643, in wrapper
    return func(*args, **kwargs)

  File "/home/py9363/.local/lib/python3.9/site-packages/tensorflow/python/data/ops/from_generator_op.py", line 218, in generator_py_func
    raise TypeError(

TypeError: `generator` yielded an element that could not be converted to the expected type. The expected type was int64, but the yielded element was {'left_env': <tf.Tensor: shape=(1920, 4), dtype=float32, numpy=
array([[0., 0., 0., 0.],
       [0., 0., 0., 0.],
       [0., 0., 0., 0.],
       ...,
       [0., 0., 0., 0.],
       [0., 0., 0., 0.],
       [0., 0., 0., 0.]], dtype=float32)>, 'right_env': <tf.Tensor: shape=(1920, 4), dtype=float32, numpy=
array([[0., 0., 0., 0.],
       [0., 0., 0., 0.],
       [0., 0., 0., 0.],
       ...,
       [0., 0., 0., 0.],
       [0., 0., 0., 0.],
       [0., 0., 0., 0.]], dtype=float32)>, 'label': <tf.Tensor: shape=(1,), dtype=int64, numpy=array([0])>}.


	 [[{{node PyFunc}}]] [Op:IteratorGetNext] name: 
  Falling back to CPU for predictions...
⚠ CPU fallback also failed: {{function_node __wrapped__IteratorGetNext_output_types_3_device_/job:localhost/replica:0/task:0/device:CPU:0}} TypeError: `generator` yielded an element that could not be converted to the expected type. The expected type was int64, but the yielded element was {'left_env': <tf.Tensor: shape=(1920, 4), dtype=float32, numpy=
array([[0., 0., 0., 0.],
       [0., 0., 0., 0.],
       [0., 0., 0., 0.],
       ...,
       [0., 0., 0., 0.],
       [0., 0., 0., 0.],
       [0., 0., 0., 0.]], dtype=float32)>, 'right_env': <tf.Tensor: shape=(1920, 4), dtype=float32, numpy=
array([[0., 0., 0., 0.],
       [0., 0., 0., 0.],
       [0., 0., 0., 0.],
       ...,
       [0., 0., 0., 0.],
       [0., 0., 0., 0.],
       [0., 0., 0., 0.]], dtype=float32)>, 'label': <tf.Tensor: shape=(1,), dtype=int64, numpy=array([0])>}.
Traceback (most recent call last):

  File "/home/py9363/.local/lib/python3.9/site-packages/tensorflow/python/data/ops/from_generator_op.py", line 214, in generator_py_func
    script_ops.FuncRegistry._convert(  # pylint: disable=protected-access

  File "/home/py9363/.local/lib/python3.9/site-packages/tensorflow/python/ops/script_ops.py", line 228, in _convert
    result = numpy_compat.np_asarray(value, dtype=dtype, order="C")

  File "/home/py9363/.local/lib/python3.9/site-packages/tensorflow/python/util/numpy_compat.py", line 78, in np_asarray
    return np.asarray(values, order=order, copy=copy).astype(dtype, copy=copy)

TypeError: int() argument must be a string, a bytes-like object or a number, not 'dict'


The above exception was the direct cause of the following exception:


Traceback (most recent call last):

  File "/home/py9363/.local/lib/python3.9/site-packages/tensorflow/python/ops/script_ops.py", line 269, in __call__
    ret = func(*args)

  File "/home/py9363/.local/lib/python3.9/site-packages/tensorflow/python/autograph/impl/api.py", line 643, in wrapper
    return func(*args, **kwargs)

  File "/home/py9363/.local/lib/python3.9/site-packages/tensorflow/python/data/ops/from_generator_op.py", line 218, in generator_py_func
    raise TypeError(

TypeError: `generator` yielded an element that could not be converted to the expected type. The expected type was int64, but the yielded element was {'left_env': <tf.Tensor: shape=(1920, 4), dtype=float32, numpy=
array([[0., 0., 0., 0.],
       [0., 0., 0., 0.],
       [0., 0., 0., 0.],
       ...,
       [0., 0., 0., 0.],
       [0., 0., 0., 0.],
       [0., 0., 0., 0.]], dtype=float32)>, 'right_env': <tf.Tensor: shape=(1920, 4), dtype=float32, numpy=
array([[0., 0., 0., 0.],
       [0., 0., 0., 0.],
       [0., 0., 0., 0.],
       ...,
       [0., 0., 0., 0.],
       [0., 0., 0., 0.],
       [0., 0., 0., 0.]], dtype=float32)>, 'label': <tf.Tensor: shape=(1,), dtype=int64, numpy=array([0])>}.


	 [[{{node PyFunc}}]] [Op:IteratorGetNext] name: 
  Error testing 30.0s window: Both GPU and CPU prediction failed. GPU error: {{function_node __wrapped__IteratorGetNext_output_types_3_device_/job:localhost/replica:0/task:0/device:CPU:0}} TypeError: `generator` yielded an element that could not be converted to the expected type. The expected type was int64, but the yielded element was {'left_env': <tf.Tensor: shape=(1920, 4), dtype=float32, numpy=
array([[0., 0., 0., 0.],
       [0., 0., 0., 0.],
       [0., 0., 0., 0.],
       ...,
       [0., 0., 0., 0.],
       [0., 0., 0., 0.],
       [0., 0., 0., 0.]], dtype=float32)>, 'right_env': <tf.Tensor: shape=(1920, 4), dtype=float32, numpy=
array([[0., 0., 0., 0.],
       [0., 0., 0., 0.],
       [0., 0., 0., 0.],
       ...,
       [0., 0., 0., 0.],
       [0., 0., 0., 0.],
       [0., 0., 0., 0.]], dtype=float32)>, 'label': <tf.Tensor: shape=(1,), dtype=int64, numpy=array([0])>}.
Traceback (most recent call last):

  File "/home/py9363/.local/lib/python3.9/site-packages/tensorflow/python/data/ops/from_generator_op.py", line 214, in generator_py_func
    script_ops.FuncRegistry._convert(  # pylint: disable=protected-access

  File "/home/py9363/.local/lib/python3.9/site-packages/tensorflow/python/ops/script_ops.py", line 228, in _convert
    result = numpy_compat.np_asarray(value, dtype=dtype, order="C")

  File "/home/py9363/.local/lib/python3.9/site-packages/tensorflow/python/util/numpy_compat.py", line 78, in np_asarray
    return np.asarray(values, order=order, copy=copy).astype(dtype, copy=copy)

TypeError: int() argument must be a string, a bytes-like object or a number, not 'dict'


The above exception was the direct cause of the following exception:


Traceback (most recent call last):

  File "/home/py9363/.local/lib/python3.9/site-packages/tensorflow/python/ops/script_ops.py", line 269, in __call__
    ret = func(*args)

  File "/home/py9363/.local/lib/python3.9/site-packages/tensorflow/python/autograph/impl/api.py", line 643, in wrapper
    return func(*args, **kwargs)

  File "/home/py9363/.local/lib/python3.9/site-packages/tensorflow/python/data/ops/from_generator_op.py", line 218, in generator_py_func
    raise TypeError(

TypeError: `generator` yielded an element that could not be converted to the expected type. The expected type was int64, but the yielded element was {'left_env': <tf.Tensor: shape=(1920, 4), dtype=float32, numpy=
array([[0., 0., 0., 0.],
       [0., 0., 0., 0.],
       [0., 0., 0., 0.],
       ...,
       [0., 0., 0., 0.],
       [0., 0., 0., 0.],
       [0., 0., 0., 0.]], dtype=float32)>, 'right_env': <tf.Tensor: shape=(1920, 4), dtype=float32, numpy=
array([[0., 0., 0., 0.],
       [0., 0., 0., 0.],
       [0., 0., 0., 0.],
       ...,
       [0., 0., 0., 0.],
       [0., 0., 0., 0.],
       [0., 0., 0., 0.]], dtype=float32)>, 'label': <tf.Tensor: shape=(1,), dtype=int64, numpy=array([0])>}.


	 [[{{node PyFunc}}]] [Op:IteratorGetNext] name: , CPU error: {{function_node __wrapped__IteratorGetNext_output_types_3_device_/job:localhost/replica:0/task:0/device:CPU:0}} TypeError: `generator` yielded an element that could not be converted to the expected type. The expected type was int64, but the yielded element was {'left_env': <tf.Tensor: shape=(1920, 4), dtype=float32, numpy=
array([[0., 0., 0., 0.],
       [0., 0., 0., 0.],
       [0., 0., 0., 0.],
       ...,
       [0., 0., 0., 0.],
       [0., 0., 0., 0.],
       [0., 0., 0., 0.]], dtype=float32)>, 'right_env': <tf.Tensor: shape=(1920, 4), dtype=float32, numpy=
array([[0., 0., 0., 0.],
       [0., 0., 0., 0.],
       [0., 0., 0., 0.],
       ...,
       [0., 0., 0., 0.],
       [0., 0., 0., 0.],
       [0., 0., 0., 0.]], dtype=float32)>, 'label': <tf.Tensor: shape=(1,), dtype=int64, numpy=array([0])>}.
Traceback (most recent call last):

  File "/home/py9363/.local/lib/python3.9/site-packages/tensorflow/python/data/ops/from_generator_op.py", line 214, in generator_py_func
    script_ops.FuncRegistry._convert(  # pylint: disable=protected-access

  File "/home/py9363/.local/lib/python3.9/site-packages/tensorflow/python/ops/script_ops.py", line 228, in _convert
    result = numpy_compat.np_asarray(value, dtype=dtype, order="C")

  File "/home/py9363/.local/lib/python3.9/site-packages/tensorflow/python/util/numpy_compat.py", line 78, in np_asarray
    return np.asarray(values, order=order, copy=copy).astype(dtype, copy=copy)

TypeError: int() argument must be a string, a bytes-like object or a number, not 'dict'


The above exception was the direct cause of the following exception:


Traceback (most recent call last):

  File "/home/py9363/.local/lib/python3.9/site-packages/tensorflow/python/ops/script_ops.py", line 269, in __call__
    ret = func(*args)

  File "/home/py9363/.local/lib/python3.9/site-packages/tensorflow/python/autograph/impl/api.py", line 643, in wrapper
    return func(*args, **kwargs)

  File "/home/py9363/.local/lib/python3.9/site-packages/tensorflow/python/data/ops/from_generator_op.py", line 218, in generator_py_func
    raise TypeError(

TypeError: `generator` yielded an element that could not be converted to the expected type. The expected type was int64, but the yielded element was {'left_env': <tf.Tensor: shape=(1920, 4), dtype=float32, numpy=
array([[0., 0., 0., 0.],
       [0., 0., 0., 0.],
       [0., 0., 0., 0.],
       ...,
       [0., 0., 0., 0.],
       [0., 0., 0., 0.],
       [0., 0., 0., 0.]], dtype=float32)>, 'right_env': <tf.Tensor: shape=(1920, 4), dtype=float32, numpy=
array([[0., 0., 0., 0.],
       [0., 0., 0., 0.],
       [0., 0., 0., 0.],
       ...,
       [0., 0., 0., 0.],
       [0., 0., 0., 0.],
       [0., 0., 0., 0.]], dtype=float32)>, 'label': <tf.Tensor: shape=(1,), dtype=int64, numpy=array([0])>}.


	 [[{{node PyFunc}}]] [Op:IteratorGetNext] name: 
FULCCA results saved to fulcca_results/optimal_fulcca

================================================================================
FULCCA TRAINING COMPLETE!
================================================================================
Validation accuracy: 1.0000
Test accuracy: 1.0000

================================================================================
COMPREHENSIVE METRICS SUMMARY
================================================================================
ROC-AUC Score: nan
Average Precision: 0.0000
RMSE: 0.0000
R-squared: 1.0000
Matthews Correlation Coefficient: 0.0000
Balanced Accuracy: 1.0000
Temporal performance across window sizes:

Results saved to: fulcca_results/optimal_fulcca
  - results.json (complete metrics)
  - predictions.pkl (predictions and targets)
  - comprehensive_metrics_report.txt (formatted report)
✓ GPU memory cleaned up
==========================================
Generating Summary Report
==========================================
FULCCA Results Summary:
==================================================
Accuracy: 1.0
ROC-AUC: nan
MCC: 0.0
Balanced Accuracy: 1.0
==================================================
Cleaning up temporary files...
==========================================
FULCCA Analysis Complete
==========================================
End time: Sat Dec 27 04:15:35 PM EST 2025
Job duration: 126 seconds
Results saved to: fulcca_results/
==========================================
Disk usage:
4.0K	fulcca_results/
GPU memory usage:
1, 40960
FULCCA job completed successfully!
